index;NÁZEV;Adresa;PŘÍZNAK;lat;lon;cache_adresa
4;JONAS PETR;28601.0, CASLAV;35;49.9040946;15.3947317;V Toufarne 19, 28601 CASLAV
6;NEVO Kolín s.r.o.;Polepská 831, 28002.0, Kolín;35;50.0205258;15.2086562;Polepská 831, 28002 Kolín
12;Josef Brůna;85, 56401.0, Pastviny;68;50.086676;16.4856808;85, 56401 Pastviny
14;Václav Ježek;Svat. Čecha 1324, 68801.0, Uherský Brod;105;49.0260613;17.6386563;Svat. Čecha 1324, 68801 Uherský Brod
22;ZEM.OBCH.DRUŽSTVO  ONOMYSL;28511.0, NEPOMĚŘICE;35;49.8779876;15.0656465;12, 28504 Nepoměřice
26;ZEM.OBCH.DRUŽSTVO  HABRY;Sportovní 452, 58281.0, HABRY;35;49.7635053;15.4858271;Sportovní 452, 58281 HABRY
33;MĚSTO KUTNÁ HORA;HAVLÍČKOVO NÁMĚSTÍ 552, 28401.0, KUTNÁ HORA;35;49.9483817;15.2684263;Havlíčkovo náměstí 552, 28401 Kutná Hora
34;OBEC ZBRASLAVICE;Zbraslavice č.p.7, 28521.0, ZBRASLAVICE;35;49.8153264;15.1866528;Zbraslavice č.p.7, 28521 ZBRASLAVICE
42;OBEC DOLNÍ ROVEŇ;Dolní Roneň 1, 53371.0, DOLNÍ ROVEŇ;223;50.0253267;15.985475;Dolní Roneň 1, 53371 DOLNÍ ROVEŇ
43;ČKD  KUTNÁ HORA  a.s.;Karlov 197, 28449.0, Kutna Hora;35;49.9383367;15.2789105;Karlov 197, 28449 Kutna Hora
44;I. S P Z  spol.s r.o.;U Panasonicu 375, 53006.0, PARDUBICE;35;50.0178883;15.6864081;U Panasonicu 375, 53006 PARDUBICE
51;POLYTRANS spol. s r.o.;U Červeného Dvora 86, 66902.0, Suchohrdly;218;48.8687892;16.0937096;U Červeného Dvora 86, 66902 Suchohrdly
54;VOLODA;Na Belisti 72/16, 28601.0, Čáslav;35;49.9118119;15.3820898;Na belisti 72/16, 28601 Čáslav
56;OBEC VĚŽOVATÁ PLÁŇĚ;Věžovatá pláňě 8, 38232.0, VELEŠÍN;35;48.8211538;14.4340744;Věžovatá pláňě 8, 38232 VELEŠÍN
57;VLCEK;28601.0, CASLAV;35;49.9040946;15.3947317;V Toufarne 19, 28601 CASLAV
58;MESTSKA NEMOCNICE CASLAV;Jeníkovská 348, 28601.0, ČÁSLAV;35;49.9042383;15.4007223;Jeníkovská 348, 28601 ČÁSLAV
60;Ing.Zdeněk UMLAUF;R.Těsnohlídka 1540, 28601.0, ČÁSLAV;35;49.906838;15.3930713;R.Těsnohlídka 1540, 28601 ČÁSLAV
63;StiBus s. r. o. dopravní společnost;Školní 661, 37401.0, TRHOVÉ SVINY;110;48.8422611;14.633134;Školní 661, 37401 Trhové Sviny
64;BENES ONDREJ;ZELENA 319, 53372.0, MORAVANY;35;49.9983313;15.951525;ZELENA 319, 53372 MORAVANY
68;Jiří Čihák;Kubátova 776, 28504.0, Uhlířské Janovice;35;49.8825241;15.0633489;Kubátova 776, 28504 Uhlířské Janovice
71;Black & White truck s.r.o.;Chotěšovská 680/1, 19000.0, PRAHA 9;35;50.1280481;14.5020202;Chotěšovská 680/1, 19000 PRAHA 9
77;HV-GRANIT s.r.o.;Hlavní 373, 25090.0, NOVÉ JIRNY;35;50.1011848;14.7119931;Hlavní 373, 25090 NOVÉ JIRNY
78;Miroslav Gross;Nerudova 871, 28504.0, UHLÍŘSKÉ JANOVICE;35;49.8768716;15.0682066;Nerudova 871, 28504 UHLÍŘSKÉ JANOVICE
83;Autodoprava GT s.r.o.;Lucemburská 2013, 13000.0, Praha;35;50.078948;14.4553958;Lucemburská 2013, 13000 Praha
85;Pavol Podmajerský - Traktordiely;Turá Lúka 630, 90703.0, Myjava;105;48.7444536;17.5051762;Turá Lúka 630, 90703 Myjava
90;AB SPED s.r.o.;Brožíkova 436, 53009.0, Pardubice;218;50.0429796;15.7498714;Brožíkova 436, 53009 Pardubice
91;Zdeněk Černý;14, 28547.0, Křesetice;68;49.9078776;15.2600425;Křesetice 155, 28401 Kutná Hora
96;CONNEA, s.r.o.;Čechova 798, 66451.0, Šlapanice;35;49.164899;16.7242307;Čechova 798, 66451 Šlapanice
97;VANEK MARTIN souk.;Na dlouhých 472, 26701.0, Králův Dvůr;35;49.9348706;14.0260455;Na Dlouhých 472, 26701 Králů Dvůr
99;Labant, spol. s r.o.;Pod Lachovcom 1203, 2001.0, Púchov;105;49.1290963;18.3225535;Pod Lachovcom 1203, 2001 Púchov
108;VIP trust s.r.o.;Na Folimance 2155/15, 12000.0, Praha;35;50.0660231;14.4335041;Na Folimance 2155/15, 12000 Praha
109;ŽOČ stavby s.r.o.;Pardubicka 1631, 53501.0, PŘELOUČ;35;50.0380613;15.5585171;Pardubicka 1631, 53501 PŘELOUČ
111;Steinerová-Šípal s.r.o.;Jungmanova 305, 56501.0, CHOCEŇ;223;50.0041736;16.2194742;Jungmanova 305, 56501 CHOCEŇ
118;Karel Rajsik;78, 28545.0, Kluky;35;49.9063252;15.3260892;č.p.67, 28545 KLUKY
122;Jan Holenda;Maternova 335, 25072.0, Kojetice;35;50.2405103;14.5069547;Maternova 335, 25072 Kojetice
129;Matěj Nádvorník;243, 58283.0, Vilémov;35;49.8154974;15.5349546;243, 58283 Vilémov
130;Miloslav Čepek;127, 28401.0, Svatý Mikuláš;35;49.9859603;15.3501889;Svatý Mikuláš 140, 28401 Kutná Hora
133;David Kroužil;27, 53944.0, Krouna;223;49.7724007;16.0263869;160, 53943 Krouna
153;Bohumil Wassermandl;32, 53851.0, Chrast;68;49.7926917;13.4924157;32, 53851 Chrast
155;VAMBA s.r.o.;Tiskařská 599, 10800.0, Praha;68;50.0839269;14.5079189;Tiskařská 599/12, 10800 Praha 108
159;Jaroslav Podlucký;Hutník 1674, 69801.0, Veselí nad Moravou;105;48.9517377;17.3972056;Hutník 1674, 69801 Veselí nad Moravou
170;Václav Balvín;85, 28504.0, Vavřinec;35;49.8779876;15.0656465;85, 28504 Vavřinec
173;FILIP ONDREJ;415, 56102.0, Dolní Dobrouč;103;49.9934726;16.4960715;Petrovice 43, 56102 Dolní Dobrouč
180;Michal Picpauer;4, 53825.0, Nasavrky;68;49.8367295;15.7994233;Nasavrky č.p. 293, 53825 NASAVRKY
184;KOLEMBAR PETR;Tupadly 220, 28563.0, Tupdly;35;49.868738;15.4094254;Tupadly 220, 28563 Tupdly
188;NEUMAN PETR;28601.0, ČÁSLAV;35;49.860628;15.4644078;Hostovlice 18, 28562 HOSTOVLICE U ČÁSLAVĚ
189;Jiří Hyhlík;78, 53002.0, Jezbořice;35;50.0178652;15.7832257;78, 53002 Jezbořice
193;Jaroslav Orsák;Brumovská, 76601.0, Valašské Klobouky;105;49.1257851;18.0150122;Brumovská, 76601 Valašské Klobouky
195;BUS DOPRAVA - SERVIS s.r.o.;27, 39143.0, Mladá Vožice;35;49.5271764;14.8042957;27, 39143 Mladá Vožice
201;DOUBEK DAVID;28601.0, ČÁSLAV;35;49.860628;15.4644078;Hostovlice 18, 28562 HOSTOVLICE U ČÁSLAVĚ
210;Miroslav Havlík;121, 51721.0, Lípa nad Orlicí;68;50.1356163;16.0980067;121, 51721 Lípa nad Orlicí
216;Petr Limberský;191, 56002.0, Česká Třebová;103;49.9135008;16.4395162;Ústecká 28, 56002 Česká Třebová
219;Radek Paloš;Svobody 103, 28571.0, Vrdy;35;49.924285;15.4647913;Svobody 103, 28571 Vrdy
222;Mejtostav ps s.r.o.;8, 56501.0, Choceň;223;49.990891;16.2124937;Pardubická 283, 56501 Choceň
230;VIMAD Milan Vítek;Goláňova 138/19, 90701.0, Myjava;105;48.7605692;17.5750897;Goláňova 138/19, 90701 Myjava
232;WYNX Pool s.r.o.;Olivova 2096, 11000.0, Praha;35;50.0829192;14.4303714;Olivova 2096, 11000 Praha
242;Františkovy Lázně AQUAFORUM a.s.;5. května 106, 35101.0, Františkovy Lázně;105;50.1181293;12.3573693;5. května 106, 35101 Františkovy Lázně
247;VANA JAN;Horní Lhota 141, 76323.0, Olomouc;35;49.1473526;17.8215084;Horní Lhota 141, 76323 Olomouc
250;Karel Kaška;Slovenská 656, 53705.0, Chrudim;68;49.9523064;15.8076275;Slovenská 656, 53705 Chrudim
259;RPS Czech, s.r.o.;Těšínská 236, 73934.0, Šenov;105;49.7911716;18.3904652;Těšínská 236, 73934 Šenov
264;Roman Maryška;177, 53851.0, Bítovany;68;49.8955613;15.9225459;45, 53851 Bítovany
276;Pavel Skála;53, 58282.0, Golčův Jeníkov;35;49.8147625;15.477315;5. Května 143, 58282 GOLČŮV JENÍKOV
281;GLIXCAR s.r.o.;Hlavní 187, 25082.0, Tuklaty;35;50.071208;14.7733845;Hlavní 187, 25082 Tuklaty
283;Obec Černíny;44, 28401.0, Černíny;35;49.9394844;15.2647023;44, 28401 Černíny
291;Váchová s.r.o.;153, 53971.0, Holetín;223;49.7947838;15.9232929;153, 53971 Holetín
300;VOKI s.r.o.;Rybná 716/24, 11000.0, PRAHA 1;35;50.0902799;14.4259963;Rybná 716/24, 11000 PRAHA 1
301;FJ Trans s.r.o.;Žerotínova 242, 56112.0, Brandýs nad Orlicí;218;50.0025718;16.2810368;Žerotínova 242, 56112 Brandýs nad Orlicí
302;SVORC MARTIN;28601.0, CASLAV;35;49.9040946;15.3947317;V Toufarne 19, 28601 CASLAV
308;AGWO Services s.r.o.;Drachkov 42, 38601.0, STRAKONICE;35;49.2423711;13.838649;Drachkov 42, 38601 STRAKONICE
317;HOVORKA - Zemědělský servis s.r.o.;Za sokolovnou 1284, 16500.0, Praha;68;50.1388374;14.3776221;Za sokolovnou 1284, 16500 Praha
319;PALIVOVÉ DŘEVO LOMEC spol. s.r.o.;Koudelov 43, 28601.0, ČÁSLAV;35;49.913081;15.4060031;Koudelov 43, 28601 ČÁSLAV
320;HOVORKA - Zemědělský servis s.r.o.;Očihov 155, 43987.0, Očihov;68;50.2015679;13.4525809;Očihov 155, 43987 Očihov
322;JANA VAŇKOVÁ;Koželuhy 86/22, 28601.0, ČÁSLAV;35;49.9139382;15.3842943;Koželuhy 86/22, 28601 ČÁSLAV
323;PeBo trans  s.r.o.;Malín, 28401.0, KUTNÁ HORA;35;49.9473338;15.2395788;Přítoky 74, 28401 Kutná Hora
324;Tomáš Plíhal;Husova 62, 53003.0, Pardubice;68;49.6879665;13.9938616;Husova 628, 26101 Příbram VI
326;RYŠAVÝ Trading s.r.o.;55, 56501.0, Choceň;68;49.990891;16.2124937;Pardubická 283, 56501 Choceň
327;Obec Chlístovice;66, 28401.0, Chlístovice;35;49.9394844;15.2647023;66, 28401 Chlístovice
328;SWIETELSKY stavební s.r.o.;Pražská tř. 495, 37004.0, České Budějovice;35;48.9915376;14.476511;Pražská tř. 495, 37004 České Budějovice
339;Služby města Brumov-Bylnice, okres Zlín, příspěvková organizace;Mýto 461, 76331.0, Brumov-Bylnice;105;49.0759922;18.0099422;Mýto 461, 76331 Brumov-Bylnice
341;Miloslav Krejčí;17, 53501.0, Sovolusky;218;50.0191033;15.5647359;19, 53501 Sovolusky
348;VYBORNY STANISLAV;28533.0, CIRKVICE;35;49.9473633;15.3376229;78, 28533 CIRKVICE
349;FRANC MICHAL;28601.0, CASLAV;35;49.9040946;15.3947317;V Toufarne 19, 28601 CASLAV
350;JOSEF CHÁMA ZÁMEČNICTVÍ;Horky 117, 28563.0, TUPADLY;35;49.868738;15.4094254;Horky 117, 28563 TUPADLY
356;Jan Kálal;Tyršova 535, 34701.0, Tachov;221;49.7930419;12.6318569;Tyršova 535, 34701 Tachov
360;FRANTIŠEK POLÍVKA;Břevnická 1213, 58301.0, CHOTĚBOŘ;68;49.712743;15.6663425;Břevnická 1213, 58301 CHOTĚBOŘ
364;KATAFORESIS CZ, s.r.o.;Jungmannova 448, 53303.0, Dašice;223;50.0324475;15.9096588;Jungmannova 448, 53303 Dašice
365;TOMAS JAROSLAV;Syrovátka 105, 50327.0, Lhota pod Libčany;35;50.1758652;15.6920115;Syrovátka 105, 50327 Lhota pod Libčany
367;JELINEK JINDRICH;28531.0, NOVE DVORY;35;49.9685881;15.3277097;28531 NOVE DVORY
371;MILAN MORAVEC;Na Obci 91, 53304.0, SEZEMICE;223;50.0913426;15.8435874;Na Obci 91, 53304 SEZEMICE
372;OLDRING;Jungmanova 1162, 28201.0, ČESKÝ BROD;35;50.0598794;14.8417797;Jungmanova 1162, 28201 ČESKÝ BROD
374;Drobílek Daniel-Doprava a mech;Doubravice 51, 53353.0, PARDUBICE;68;50.0661015;15.7486913;Doubravice 51, 53353 PARDUBICE
381;Zdeněk Vápeník;Býšť 140, 53322.0, BÝŠŤ;68;50.1302082;15.9135408;Býšť 140, 53322 BÝŠŤ
382;FRANTISEK NOHEJL VRAKOVISTE AUT;58282.0, GOLČŮV JENÍKOV;35;49.8147625;15.477315;5. Května 143, 58282 GOLČŮV JENÍKOV
385;Tomservis. cz,s.r.o.;85, 66401.0, Babice nad Svitavou;68;49.2587241;16.68464;85, 66401 Babice nad Svitavou
398;Ing. JIŘÍ JOUKL;HORKA 55, 53851.0, CHRAST U CHRUDIMĚ;223;49.8955613;15.9225459;HORKA 55, 53851 CHRAST U CHRUDIMĚ
400;PETR SAHULKA - MIXTAV;Prokopa Velikého 362, 28002.0, KOLÍN III;35;50.0197318;15.2007601;Prokopa Velikého 362, 28002 KOLÍN III
404;OSV Fryšták s.r.o.;Nedakonice 396, 68738.0, Nedakonice;105;49.0302535;17.3772082;Nedakonice 396, 68738 Nedakonice
416;TRYB LUBOS;287, 56184.0, Líšnice;103;50.0798233;16.508518;287, 56184 Líšnice
419;Josef Burdych;Sadová 31, 54233.0, Rtyně v Podkrkonoší;68;50.5020563;16.0725538;Sadová 31, 54233 Rtyně v Podkrkonoší
422;Pavel Beran;7, 54941.0, Červený Kostelec;68;50.4740001;16.0978838;Náchodská 397, 54941 Červený Kostelec
430;RADIL JAROSLAV;Třebešice 72, 28601.0, Čáslav;35;49.8887541;15.3852095;Třebešice 72, 28601 Čáslav
435;Petr Lorenc;Ovesná 1866, 58301.0, Chotěboř;68;49.7189388;15.660635;Ovesná 1866, 58301 Chotěboř
438;Jaroslav Kučera;Sokolovská 1046, 36005.0, Karlovy Vary;221;50.2355244;12.8477503;Sokolovská 1046, 36005 Karlovy Vary
446;FIBICH PAVEL;Platensko 8, 53002.0, Moravany;35;50.0034875;15.9509199;Platensko 8, 53002 Moravany
448;Vlastimil Pell;Školní 338, 54941.0, Červený Kostelec;68;50.4799925;16.0830125;Školní 338, 54941 Červený Kostelec
449;ZEM.DRUŽSTVO BACKOV;58291.0, SVĚTLÁ NAD SÁZAVOU;35;49.6730661;15.3934263;Rozkos 1155, 58291 SVĚTLÁ NAD SÁZAVOU
450;HRADECKÁ SPOLEČNOST s.r.o.;Hradec u Ledče, 58401.0, LEDEČ NAD SÁZAVOU;35;49.7169;15.280828;Hradec u Ledče, 58401 LEDEČ NAD SÁZAVOU
452;Jiří Fanta;206, 28128.0, Radovesnice II;35;50.1040654;15.3677204;206, 28128 Radovesnice II
454;Dušan Ludvig;Havraň 151, 43501.0, Havraň;105;50.4366076;13.5918112;Havraň 151, 43501 Havraň
462;JIŘÍ VAŘEČKA;BENATKY 40, 58263.0, ZDIREC n.D.;35;49.6998841;15.8164285;BENATKY 40, 58263 ZDIREC n.D.
467;AUTODOPRAVA ŘÍHA  MILAN;Opatovice  I /33, 28542.0, ČERVENÉ JANOVICE;35;49.8326872;15.2530372;Opatovice  I /33, 28542 ČERVENÉ JANOVICE
468;MERENUS VLADIMÍR ING.;Nad Rezkovcem 1801, 28601.0, ČÁSLAV;35;49.9195747;15.3914454;Nad Rezkovcem 1801, 28601 ČÁSLAV
469;Ing. Petr Vaništa;Ledce 1, 25722.0, ČERČANY;35;49.8607912;14.7041113;Ledce 1, 25722 ČERČANY
470;JOSEF JON AUTODOPRAVA;Urbánkova 3362/51, 14300.0, PRAHA 4- MODŘANY;35;50.0022671;14.4293886;Urbánkova 3362/51, 14300 PRAHA 4- MODŘANY
473;AUTODOPRAVA KRULIS;Jenewanova 115, 28401.0, KUTNÁ HORA;35;49.9394844;15.2647023;Jenewanova 115, 28401 KUTNÁ HORA
476;JAN KRISTIN  AUTODOPRAVA;Družstevní  777, 28522.0, ZRUČ NAD SÁZAVOU;35;49.7461959;15.0931183;Družstevní  777, 28522 ZRUČ NAD SÁZAVOU
482;MARTIN PROCHÁZKA;Vilémov 244, 58283.0, VILÉMOV;35;49.8133197;15.5432079;Vilémov 244, 58283 VILÉMOV
488;LUBOMÍR MAREŠ AUTODOPRAVA;Ke Trojici 984, 28401.0, KUTNÁ HORA;35;49.9370328;15.2617062;Ke Trojici 984, 28401 KUTNÁ HORA
495;Miloš Palice;69, 36272.0, Kyselka;221;50.2571539;12.9856141;69, 36272 Kyselka
499;All For One s.r.o.;Havlíčkova 1026, 11000.0, PRAHA 1;35;50.0890528;14.4326328;Havlíčkova 1026, 11000 PRAHA 1
502;Roman Tichý;Kladská 1544, 56206.0, Ústí nad Orlicí;68;49.9762108;16.4091532;Kladská 1544, 56206 Ústí nad Orlicí
511;Autocentrum Skořenice s.r.o.;139, 56501.0, Skořenice;103;50.03126;16.221956;139, 56501 Skořenice
514;DREVARSKE CENTRUM S.R.O.;Kasanice 29, 28522.0, ZRUČ NAD SÁZAVOU;35;49.7573419;15.1204762;Kasanice 29, 28522 ZRUČ NAD SÁZAVOU
515;KULKABEX  s.r.o.;Tupadly 55, 28563.0, TUPADLY;35;49.8767081;15.3952028;Tupadly 55, 28563 TUPADLY
518;DOČKAL CZ s.r.o.;Polní Voděrady 6, 28002.0, KOLÍN II;35;50.0330708;15.1905655;Polní Voděrady 6, 28002 KOLÍN II
531;Jiří Pešta;Vltavská 353, 25245.0, Březová-Oleško;35;49.9023618;14.4062712;Vltavská 353, 25245 Březová-Oleško
532;PRODANOV LYUBEN TOMOV;28574.0, ZABORI NAD LABEM;35;50.0251352;15.3504309;28574 ZABORI NAD LABEM
535;KOLAJA RADEK;28601.0, CHOTUSICE;35;49.9493549;15.3944503;28576 Chotusice
545;Dopravný podnik Bratislava, akciová spoločnosť;Olejkárska 1, 81452.0, Bratislava - mestská časť Staré Mesto;105;48.1419875;17.121912;Olejkárska 1, 81452 Bratislava - mestská časť Staré Mesto
553;TS Chrast s.r.o.;62, 53851.0, Chrast;223;49.7926917;13.4924157;32, 53851 Chrast
558;MATYO s.r.o.;Kukučínova 14, 97101.0, Prievidza;105;48.7666174;18.6265938;Kukučínova 14, 971 01 Prievidza
562;Martina Katzerová;Zahradníčkova 1119, 15000.0, Praha;35;50.0692578;14.3547782;Zahradníčkova 1119, 15000 Praha
564;BPAS.CZ s.r.o.;14, 50303.0, Habřina;68;50.2998649;15.8579791;14, 50303 Habřina
567;Restdets, s.r.o.;Husova 269, 28561.0, Žleby;35;49.8900063;15.4888813;Husova 269, 28561 Žleby
568;ZD KOLIN s.r.o.;Hlízovská 357, 28123.0, STARÝ KOLÍN;35;50.0053807;15.2935898;Hlízovská 357, 28123 STARÝ KOLÍN
570;BEKTRAL s.r.o.;Podnikatelská 565, 19011.0, PRAHA 9 - BĚCHOVICE;35;50.0927284;14.6179882;Podnikatelská 565, 19011 PRAHA 9 - BĚCHOVICE
575;SCHOVANEC PETR;28601.0, CASLAV;35;49.9040946;15.3947317;V Toufarne 19, 28601 CASLAV
578;Auto Ledeč s.r.o.;Sokolská 1605, 12000.0, Praha;35;50.0768087;14.429339;Sokolská 1605, 12000 Praha
583;Josef Procházka;U Polikliniky 1060, 56401.0, Žamberk;103;50.0826836;16.4623737;U Polikliniky 1060, 56401 Žamberk
584;Okresní autobusová doprava Kolín, s.r.o.;Polepská 867, 28002.0, Kolín;35;50.0172943;15.2072052;Polepská 867, 28059 KOLÍN IV
586;REGULINVEST A.S.;K Bělidlu 15, 28401.0, KUTNÁ HORA;35;49.9486965;15.278855;K Bělidlu 15, 28401 KUTNÁ HORA
592;Dopravní podnik města České Budějovice, a.s.;Novohradská 738/40, 37033.0, ČESKÉ BUDĚJOVICE;110;48.9628139;14.4878514;Novohradská 738/40, 37033 ČESKÉ BUDĚJOVICE
602;PESTANCZ AUTO s.r.o.;Holice 866, 77900.0, Olomouc;218;49.5735853;17.2754355;Holice 866, 77900 Olomouc
604;AutoForum R.Toman spol. s r.o.;Nádražní 114, 56401.0, Žamberk;103;50.0807499;16.4622904;Nádražní 114, 56401 Žamberk
610;RECYCLING  a.s.;Hermannova 561, 58301.0, CHOTĚBOŘ;35;49.726392;15.6722893;Hermannova 561, 58301 CHOTĚBOŘ
612;KEJVAL CZ,s.r.o.;Pod Vyšehradem 272, 58282.0, GOLČŮV JENÍKOV;35;49.8151213;15.4765813;Pod Vyšehradem 272, 58282 GOLČŮV JENÍKOV
614;RTT a.s.;Vrchovská 1998, 28601.0, ČÁSLAV;35;49.9188353;15.3983157;Vrchovská 1998, 28601 ČÁSLAV
615;NAKO Kolín s.r.o.;Čáslavská 225, 28401.0, Kutná Hora;35;49.9482215;15.2841656;Čáslavská 225, 28401 Kutná Hora
617;Josef Šandor;9, 28401.0, Kutná Hora;35;49.9473338;15.2395788;Přítoky 74, 28401 Kutná Hora
633;GRANIT LIPNICE s.r.o.;58233.0, DOLNÍ MĚSTO;35;49.6277043;15.3822968;58233 DOLNÍ MĚSTO
641;Dormio s. r. o.;čp. 25, 28504.0, Onomyšl;35;49.8779876;15.0656465;čp. 25, 28504 Onomyšl
647;Eva Vorlová;71, 38101.0, Kájov;105;48.8076783;14.3126811;71, 38101 Kájov
655;DOUBEK LUBOŠ;28601.0, CASLAV;35;49.9040946;15.3947317;V Toufarne 19, 28601 CASLAV
658;Dopravný podnik Bratislava, akciová spoločnosť;Olejkárska 1, 81452.0, Bratislava - mestská časť Staré Mesto;105;48.1419875;17.121912;Olejkárska 1, 81452 Bratislava - mestská časť Staré Mesto
665;Tomáš Balhárek;232, 53701.0, Sobětuchy;68;49.9314106;15.7633777;124, 53701 Sobětuchy
667;OL TRANS CZ, s.r.o.;Příčná 129/3, 77900.0, OLOMOUC;218;49.5942584;17.2907598;Příčná 129/3, 77900 OLOMOUC
670;Jan Kühn;Příční 1793, 56002.0, Česká Třebová;103;49.9062067;16.4359562;Příční 1793, 56002 Česká Třebová
671;VELOKAR s.r.o.;Závodská, 1001.0, Žilina;105;49.2162099;18.7265289;Závodská, 1001 Žilina
676;OPaLL-AGRI s.r.o;U Sušárny 208, 74755.0, DOLNÍ ŽIVOTICE;219;49.9104212;17.7816396;U Sušárny 208, 74755 DOLNÍ ŽIVOTICE
679;MH servis plus s.r.o.;Jiráskova 1071, 51601.0, Rychnov nad Kněžnou;68;50.1686754;16.2682722;Jiráskova 1071, 51601 Rychnov nad Kněžnou
696;SBB Trans s.r.o.;Nádražní 118/7, 60200.0, Brno;218;49.1905374;16.6114245;Nádražní 118/7, 60200 Brno
697;AUTODOPRAVA K & K, s.r.o.;Chrudichromská 2156, 68001.0, Boskovice;218;49.4968788;16.645855;Chrudichromská 2156, 68001 Boskovice
698;Stavitelství Vlastislav Smutný s.r.o.;Zenklova 24, 18000.0, Praha;35;50.1080424;14.472376;Zenklova 24, 18000 Praha
703;Městys Nové Dvory;Masarykovo nám. 11, 28531.0, Nové Dvory;35;49.9709613;15.32443;Masarykovo nám. 11, 28531 Nové Dvory
707;Pohrebni sluzba Jerabek spol. s.r.o.;Kmochova 15, 28002.0, KOLÍN II;35;50.0292361;15.1960093;Kmochova 15, 28002 KOLÍN II
709;ŠULC - Stavební materiály s.r.o.;Jabloňova 106, 10600.0, PRAHA 10;35;50.0561276;14.5063432;Jabloňova 106, 10600 PRAHA 10
711;AGRO  PODLESÍ, a.s.;Červené Janovice 55, 28542.0, ČERVENÉ JANOVICE;35;49.8301602;15.2592715;Červené Janovice 55, 28542 ČERVENÉ JANOVICE
713;PUMRLE PAVEL;53372.0, MORAVANY;68;49.9983313;15.951525;ZELENA 319, 53372 MORAVANY
714;ZAS  ZBIZUBY a.s.;ZBIZUBY 16, 28504.0, UHLÍŘSKÉ JANOVICE;35;49.8779876;15.0656465;ZBIZUBY 16, 28504 UHLÍŘSKÉ JANOVICE
716;STROM PRAHA a.s.;Lohenická 607, 19017.0, PRAHA 9 - VINOŘ;35;50.1493329;14.5862741;Lohenická 607, 19017 PRAHA 9 - VINOŘ
720;Ladislav Vlček;Hlavní 381, 56802.0, Svitavy;68;49.7857231;16.4807425;Hlavní 381, 56802 Svitavy
722;ZEPO Bořitov, družstvo;Úvoz 326, 67921.0, Bořitov;68;49.4288;16.5808388;Úvoz 326, 67921 Bořitov
725;MATES KAMUK s.r.o.;5, 53862.0, Dvakačovice;68;49.9576042;15.91216;5, 53862 Dvakačovice
728;OL TRANS CZ, s.r.o.;Příčná 129/3, 77900.0, OLOMOUC;218;49.5942584;17.2907598;Příčná 129/3, 77900 OLOMOUC
730;Zdeněk Hnátnický;Jugoslávská 828, 51754.0, Vamberk;103;50.1159269;16.29992;Jugoslávská 828, 51754 Vamberk
746;Denisa Hubičková;Potoční 1693, 28601.0, Čáslav;35;49.9202184;15.3870426;Potoční 1693, 28601 Čáslav
770;ČSAD AUTOBUSY České Budějovice a.s.;Hálkova 781, 37004.0, České Budějovice;105;48.9865681;14.4694094;Hálkova 781, 37004 České Budějovice
787;ASIG s.r.o.;Budovatelů 324, 53312.0, CHVALETICE;35;50.0354485;15.4098831;Budovatelů 324, 53312 CHVALETICE
788;AUTOCENTRUM HÁJEK, spol.s r.o.;Lžovická 301, 28126.0, TÝNEC NAD LABEM;35;50.0393039;15.3534983;Lžovická 301, 28126 TÝNEC NAD LABEM
789;TAMAS s.r.o;Ukrajinská 13, 4018.0, Košice-Krásna;105;48.6680945;21.3203938;Ukrajinská 13, 4018 Košice-Krásna
792;Building Expert s.r.o.;V zářezu 902, 15800.0, Praha;35;50.0542551;14.3697116;V zářezu 902, 15800 Praha
793;AZ STAVEBNÍ HEŘMANŮV MĚSTEC spol. s r.o.;53803.0, HEŘMANŮV MĚSTEC;35;49.9374738;15.6474575;Konopáč 37, 53803 HEŘMANŮV MĚSTEC
794;SVOBODA ALES;V Myšpulkách 433, 28401.0, KUTNÁ HORA;35;49.9394844;15.2647023;V Myšpulkách 433, 28401 KUTNÁ HORA
797;Jindřich Kocourek;Klášterní 47, 28506.0, Sázava;35;49.8747025;14.8954513;Klášterní 47, 28506 Sázava
801;KHnet.info, z. s.;Havířská stezka 68, 28401.0, Kutná Hora;35;49.9607621;15.2748908;Havířská stezka 68, 28401 Kutná Hora
807;MK Primstav s.r.o.;58, 28502.0, Suchdol;35;49.9376242;15.150733;Dobřeň 26, 28401 Suchdol
808;Petr Fagulec;Dlouhá, 76321.0, Slavičín;105;49.9421567;16.4267452;Panský kopec 1, 56117 Dlouhá Třebová
819;KOLÍNSKÁ LESNÍ SPOLEČNOST s.r.o.;Hradišťko I 151, 28002.0, KOLÍN II;35;50.0330708;15.1905655;Hradišťko I 151, 28002 KOLÍN II
824;QUATRO - R.I.S.K., s.r.o.;Husova 429, 74221.0, Kopřivnice;218;49.5932513;18.1470638;Husova 429, 74221 Kopřivnice
829;HL Bohemia s.r.o.;Zahradní 769, 35731.0, Horní Slavkov;221;50.1394906;12.7976502;Zahradní 769, 35731 Horní Slavkov
831;Patrik Pospíšil;Jihoslovanská 429, 54301.0, Vrchlabí;68;50.6257001;15.6135925;Jihoslovanská 429, 54301 Vrchlabí
840;GREEN SMILE s.r.o.;Frýdlantská 1310/23, 18200.0, PRAHA 8;35;50.1325892;14.4769032;Frýdlantská 1310/23, 18200 PRAHA 8
842;DOMES  KUTNÁ HORA  spol.s.r.o.;Hrnčířská 224, 28445.0, KUTNÁ HORA;35;49.9557871;15.2882756;Hrnčířská 224, 28445 KUTNÁ HORA
846;Čáslavská servisní, s.r.o.;nám. Jana Žižky z Trocnova 74, 28601.0, Čáslav;35;49.9106706;15.3921167;nám. Jana Žižky z Trocnova 74, 28601 Čáslav
848;AGRONE TRADING S.R.O.;Nad Rezkovcem 1114, 28601.0, ČÁSLAV;35;49.9193016;15.3910911;Nad Rezkovcem 1114, 28601 ČÁSLAV
849;AUTOSERVIS JANOVICE s.r.o.;Kolínská 670, 28504.0, Uhlířské Janovice;68;49.8892634;15.0690782;Kolínská 670, 28504 Uhlířské Janovice
851;ARRIVA CITY s.r.o.;U Stavoservisu 692/1b, 10800.0, PRAHA 10 - MALEŠICE;23;50.0795844;14.5331712;U Stavoservisu 692/1b, 10800 PRAHA 10 - MALEŠICE
860;B.K Prešov spol. s.r.o;Košická 2, 8001.0, Prešov;105;49.0649911;20.3070776;Košická 2, 8001 Prešov
868;Casa Serena s.r.o.;1, 28401.0, Vidice;35;49.9394844;15.2647023;13, 28401 Vidice
879;Autodoprava Miroslav Tesař;Stradinská 324, 51741.0, KOSTELEC NAD ORLICÍ;68;50.1194913;16.1982438;Stradinská 324, 51741 KOSTELEC NAD ORLICÍ
891;Trans union s.r.o.;ZA BIŘICTVÍM 34,MALÍN, 28401.0, KUTNÁ HORA;35;49.9648091;15.3034083;ZA BIŘICTVÍM 34,MALÍN, 28401 KUTNÁ HORA
892;BJP COMPANY s.r.o.;Jeremenkova 1160/90a, 14000.0, PRAHA 4;35;50.0432996;14.4301266;Jeremenkova 1160/90a, 14000 PRAHA 4
904;SVOBODA TOMÁŠ;Dražkovice 57, 53333.0, Pardubice - Dražkovice;103;50.0045574;15.772622;Dražkovice 57, 53333 Pardubice
906;Daniel ADAM;Hradešínská 1102, 10100.0, Praha;35;50.0732533;14.4498971;Hradešínská 1102, 10100 Praha
907;Vlastimil Štyndl;Zahájská 48, 57001.0, Litomyšl;103;49.8753751;16.3132563;Zahájská 48, 57001 Litomyšl
908;Radomil Kovář;J. Žižky 699, 57001.0, Litomyšl;103;49.8762401;16.2970224;J. Žižky 699, 57001 Litomyšl
912;PROCHAZKA BRETISLAV;28601.0, CASLAV;35;49.9040946;15.3947317;V Toufarne 19, 28601 CASLAV
914;HRANIPEX Czech Republic k.s.;Jaroslavy Rýznerové 97, 39601.0, Komorovice;35;49.5452559;15.3298119;Jaroslavy Rýznerové 97, 39601 Komorovice
920;DATA AUTOTRANS s.r.o.;Dvouletky 405/26, 10000.0, Praha;105;50.0757522;14.5012941;Dvouletky 405/26, 10000 Praha
927;IMOBA, a.s.;Pyšelská 2327, 14900.0, Praha;35;50.0386375;14.4975422;Pyšelská 2327, 14900 Praha
929;VCHD Cargo a.s.;Železárenská 315, 27201.0, Kladno;218;50.151545;14.1062325;Železárenská 315, 27201 Kladno
933;Pivovar Hubertus, a.s.;Na Zámecké 1518/9, 14000.0, PRAHA 4;35;50.0653203;14.441155;Na Zámecké 1518/9, 14000 PRAHA 4
934;MERUNKA ROMAN;28601.0, CASLAV;35;49.9040946;15.3947317;V Toufarne 19, 28601 CASLAV
935;EUROBIT REAL a.s.;Teplého 1375, 53002.0, PARDUBICE;68;50.0271592;15.7705699;Teplého 1375, 53002 PARDUBICE
937;AUTOŠKOLA PEML PAVEL S.R.O.;Pražská 11, 53501.0, PŘELOUČ;35;50.4876051;15.5111699;Pražská 11, 50901 Nová Paka
943;NOVO - Jaroslav Novotný s.r.o.;Tovární 303, 53804.0, PRACHOVICE;35;49.8894563;15.6286438;Tovární 303, 53804 PRACHOVICE
958;AUTOLAKOVNA KAROSÁRNA Dopita s.r.o.;Nádražní 1665, 53901.0, Hlinsko;223;49.7683193;15.9076643;Nádražní 1665, 53901 Hlinsko
975;ORPA PAPIR A.S.;Nádražní 150, 56301.0, LANŠKROUN;35;49.9054213;16.5999046;Nádražní 150, 56301 LANŠKROUN
976;Pavel Petr;7, 56543.0, Zámrsk;103;49.9874409;16.1230662;71, 56543 Zámrsk
978;KAVA - TRANS s.r.o.;Riegrova 451, 53862.0, Hrochův Týnec;218;49.9584852;15.9096695;Riegrova 451, 53862 Hrochův Týnec
982;EXPONENTA s.r.o.;Načešice č.p.127, 53803.0, HEŘMANŮV MĚSTEC;223;49.9338762;15.6580216;Načešice č.p.127, 53803 HEŘMANŮV MĚSTEC
986;EUROBIT investiční s.r.o.;Teplého 1375, 53002.0, PARDUBICE;68;50.0271592;15.7705699;Teplého 1375, 53002 PARDUBICE
991;Vodovody a kanalizace Havlíčkův Brod, a. s.;Žižkova 832, 58001.0, Havlíčkův Brod;35;49.6064215;15.5981114;Žižkova 832, 58001 Havlíčkův Brod
992;Radek Kašpar;93, 56501.0, Běstovice;68;50.0041736;16.2194742;93, 56501 Běstovice
999;Jan Kukal;Sadová 635, 28126.0, Týnec nad Labem;35;50.0434081;15.3493728;Sadová 635, 28126 Týnec nad Labem
1009;Jan Fíla;Vrchlického 146, 28403.0, Kutná Hora;35;49.964059;15.285541;Vrchlického 146, 28403 Kutná Hora
1026;TEDA trans s.r.o.;Plk. B. Petroviče 225, 26301.0, Dobříš;35;49.7866388;14.1641915;Plk. B. Petroviče 225, 26301 Dobříš
1040;JANECEK MILAN;Poličany 41, 28401.0, Kutná Hora;35;49.9250111;15.2575631;Poličany 41, 28401 Kutná Hora
1046;VRANY LIBOR;28601.0, CASLAV;35;49.9040946;15.3947317;V Toufarne 19, 28601 CASLAV
1055;AUMONT s.r.o.;Rohacova 145/14, 13000.0, PRAHA 3;68;50.0865887;14.4543595;Rohacova 145/14, 13000 PRAHA 3
1056;Milan Bezdíček;13, 56501.0, Újezd u Chocně;68;50.0041736;16.2194742;13, 56501 Újezd u Chocně
1062;Miloš Záleský;72, 53821.0, Slatiňany;68;49.9239002;15.8027892;Smekalova 871, 53821 SLATIŇANY
1063;ZALOUDEK spol. s r.o.;Zaříčany 29, 28601.0, ČÁSLAV;35;49.8887541;15.3852095;Zaříčany 29, 28601 ČÁSLAV
1064;RAIL BUS s.r.o.;Mariánská 11, 34201.0, Sušice;105;49.2300134;13.5223634;Mariánská 11, 34201 Sušice
1067;Ladislav Vlček;Hlavní 82/61, 56802.0, Svitavy;68;49.764848;16.4739693;Hlavní 82/61, 56802 Svitavy
1085;TJ SOKOL BĚRUNICE;Hlavní 176, 28908.0, BĚRUNICE;35;50.1858431;15.3319127;Hlavní 176, 28908 BĚRUNICE
1086;Bohemian Waste Management a.s.;Průběžná 1940/3, 50009.0, HRADEC KRÁLOVÉ 9;35;50.2032127;15.8718769;Průběžná 1940/3, 50009 HRADEC KRÁLOVÉ 9
1089;AUTODOPRAVA JAROLÍM;Jižní  443, 53843.0, TŘEMOŠNICE;35;49.8675676;15.5842175;Jižní  443, 53843 TŘEMOŠNICE
1090;HYSTER CZ a.s.;Hulínská 3445, 76701.0, Kroměříž;218;49.3074438;17.4053272;Hulínská 3445, 76701 Kroměříž
1091;POSPÍŠIL JOSEF;Bílé Podolí 157, 28572.0, BÍLÉ PODOLÍ;35;49.9616715;15.4853468;Bílé Podolí 157, 28572 BÍLÉ PODOLÍ
1095;*MILÁČEK MILAN;Hostovlice 18, 28562.0, HOSTOVLICE U ČÁSLAVĚ;35;49.860628;15.4644078;Hostovlice 18, 28562 HOSTOVLICE U ČÁSLAVĚ
1096;ING.TOMÁŠ ČAPEK;Dolni Bučice 278, 28571.0, VRDY;35;49.9230651;15.449345;Dolni Bučice 278, 28571 VRDY
1098;Mádr Miroslav - AV Servis;Pode Mlýnem 9, 78371.0, Olomouc;218;49.5749582;17.2915456;Pode Mlýnem 9, 78371 Olomouc
1112;HALKO STAVEBNÍ spol.s r.o. Vaclavské nám. 28;Nová Ves 1,, 28002.0, KOLÍN;35;49.9871699;15.0340108;Nová Ves 1,, 28002 KOLÍN
1115;Miroslav Doležal;Hlavní 10, 28574.0, Záboří nad Labem;35;49.969575;15.4073013;Hlavní 107, 28575 Žehušice
1118;ING.TUREK FRANTIŠEK;Načešice, 53803.0, HEŘMANŮV MĚSTEC;35;49.9338762;15.6580216;Načešice č.p.127, 53803 HEŘMANŮV MĚSTEC
1119;ZDENĚK VAŠÁK;Sovolusky 19, 53501.0, PŘELOUČ;35;50.0191033;15.5647359;Sovolusky 19, 53501 PŘELOUČ
1123;VÁCLAV CHÁMA;Potěhy 173, 28563.0, TUPADLY;35;49.868738;15.4094254;Potěhy 173, 28563 TUPADLY
1124;KOMBEREC JAROSLAV;Tupadly 56, 28563.0, TUPADLY;35;49.8767081;15.3952028;Tupadly 56, 28563 TUPADLY
1125;TVRDÍK VLADIMÍR;Černiny 28, 28401.0, KUTNÁ HORA;35;49.8404942;15.2171253;Černiny 28, 28401 KUTNÁ HORA
1126;MURINCEK MIROSLAV;Neškaredice 73, 28401.0, KUTNÁ HORA;35;49.9354151;15.3118594;Neškaredice 73, 28401 KUTNÁ HORA
1127;CHARVAT JAROSLAV;28401.0, SVATY MIKULAS;35;49.9859603;15.3501889;SVATY MIKULAS 140, 28401 KUTNA HORA
1128;Střední škola technická a řemeslná, Nový Bydžov, Dr. M. Tyrše 112;Dr. M. Tyrše 112, 50401.0, Nový Bydžov;219;50.2399451;15.4860175;Dr. M. Tyrše 112, 50401 Nový Bydžov
1129;ZZN  Polabí, a.s.;K vinici 1304, 28066.0, KOLÍN V;35;50.0354994;15.2181981;K vinici 1304, 28066 KOLÍN V
1130;VARIEL a.s.;Průmyslová 1034, 28522.0, ZRUČ NAD SÁZAVOU;35;49.73747;15.1020507;Průmyslová 1034, 28522 ZRUČ NAD SÁZAVOU
1132;PROCHAZKA MILOSLAV;28601.0, CASLAV;35;49.9040946;15.3947317;V Toufarne 19, 28601 CASLAV
1135;Miloš Kašpar;Havlíčkova 727, 53401.0, Holice;68;50.0704801;15.9861063;Havlíčkova 727, 53401 Holice
1148;JOSEF UHER;Bělá 13, 58401.0, LEDEČ NAD SÁZAVOU;35;49.6961377;15.2816774;Bělá 13, 58401 LEDEČ NAD SÁZAVOU
1149;LUBOŠ HEJDÁNEK;Mlýnská 21, 28601.0, ČÁSLAV;35;49.8887541;15.3852095;Mlýnská 21, 28601 ČÁSLAV
1151;Michal Brožek;Na Písku 55, 28574.0, Záboří nad Labem;35;50.0249863;15.3541325;Na Písku 55, 28574 Záboří nad Labem
1154;TAZI ZEMNÍ PRÁCE Luboš Vrána;Želivská 994, 58401.0, LEDEČ NAD SÁZAVOU;35;49.6873771;15.2794598;Želivská 994, 58401 LEDEČ NAD SÁZAVOU
1155;MIROSLAV VRZÁČEK;Na Skalce 206, 58401.0, LEDEČ NAD SÁZAVOU;35;49.692136;15.2789068;Na Skalce 206, 58401 LEDEČ NAD SÁZAVOU
1156;JAN URBAN;Běstvina 136, 53845.0, BĚSTVINA;35;49.8276575;15.6136877;Běstvina 136, 53845 BĚSTVINA
1157;VAŠÍČEK JAN;Licoměřice 20, 53843.0, TŘEMOŠNICE;35;49.8728061;15.5719937;Licoměřice 20, 53843 TŘEMOŠNICE
1167;ZAHRADNIK BOHUMIL;28601.0, CASLAV;35;49.9040946;15.3947317;V Toufarne 19, 28601 CASLAV
1184;UNIKOM a.s. KUTNÁ HORA;DRŮBEŽÁRNA  MARKOVICE, 28445.0, KUTNÁ HORA;35;49.8957169;15.4361703;DRŮBEŽÁRNA  MARKOVICE, 28445 KUTNÁ HORA
1186;Vodohospodářská společnost Vrchlice-Maleč, a.s.;Ku Ptáku  387, 28401.0, KUTNÁ HORA;219;49.9540428;15.2565949;Ku Ptáku  387, 28401 KUTNÁ HORA
1190;JAN BŘEZINA;Bohuňovice I,čp.28, 28121.0, ČERVENÉ PEČKY;35;49.9781006;15.2081597;Bohuňovice I,čp.28, 28121 ČERVENÉ PEČKY
1191;AUTODOPRAVA BUS ČESKÝ BROD;Bylanská 62, 28201.0, ČESKÝ BROD;35;50.0738326;14.8842181;Bylanská 62, 28201 ČESKÝ BROD
1192;ING.HORNÍČEK JAROMÍR;Paběnice 10, 28543.0, PABĚNICE;35;49.8427228;15.3015264;Paběnice 10, 28543 PABĚNICE
1193;ING.JAN PRÁŠEK;28601.0, ČÁSLAV;35;49.860628;15.4644078;Hostovlice 18, 28562 HOSTOVLICE U ČÁSLAVĚ
1195;AUTODOPRAVA FANTA;Klucké Chvalovice 23, 28565.0, ZBÝŠOV V ČECHÁCH;35;49.8133393;15.3526557;Klucké Chvalovice 23, 28565 ZBÝŠOV V ČECHÁCH
1201;STATEK DOUBRAVKA  s.r.o.;Riegrova 27, 58301.0, CHOTĚBOŘ;35;49.7264219;15.6730524;Riegrova 27, 58301 CHOTĚBOŘ
1202;TIME s.r.o.;Potěhy 187, 28563.0, TUPADLY;35;49.868738;15.4094254;Potěhy 187, 28563 TUPADLY
1213;RUKO SPOL. S.R.O.;Potoční 170, 28401.0, KUTNÁ HORA;35;49.9522606;15.2820741;Potoční 170, 28401 KUTNÁ HORA
1223;Břetislav Kafka;Chcebuz 28, 41173.0, Štětí;219;50.4825207;14.4297508;Chcebuz 28, 411 73 Štětí
1234;Grifstav KH s.r.o.;Havlíčkova 63, 28531.0, Nové Dvory;35;49.9623838;15.3317725;Havlíčkova 63, 28531 Nové Dvory
1246;AUTOKEMPINK KONOPÁČ spol.s r.o;Konopáč 37, 53803.0, HEŘMANŮV MĚSTEC;35;49.9374738;15.6474575;Konopáč 37, 53803 HEŘMANŮV MĚSTEC
1252;AUTOČALOVNICTVÍ  MUSILOVI;Březí 52, 28565.0, ZBÝŠOV V ČECHÁCH;35;49.8133393;15.3526557;Březí 52, 28565 ZBÝŠOV V ČECHÁCH
1256;Aleš Baloun;Krátká, 69101.0, Moravský Žižkov;105;48.832236;16.9331621;Krátká, 69101 Moravský Žižkov
1257;Tomáš VOŠICKÝ;Sedlov 18, 28002.0, KOLÍN II;35;50.0330708;15.1905655;Sedlov 18, 28002 KOLÍN II
1258;AUTODOPRAVA ŠIMEK;Zahradni 416, Žleby;35;49.8903113;15.4700113;Zahradni 416, Žleby
1259;KOUDELKA JIŘÍ AUTODOPRAVA;28601.0, ČÁSLAV;35;49.860628;15.4644078;Hostovlice 18, 28562 HOSTOVLICE U ČÁSLAVĚ
1264;AWG system s.r.o.;sad Míru 787, 28522.0, Zruč nad Sázavou;35;49.7442758;15.090555;sad Míru 787, 28522 Zruč nad Sázavou
1266;ZDENEK BROM;SVATOKRIZSKA 32, 53842.0, RONOV NAD DOBRAVOU;35;49.8878227;15.5321213;SVATOKRIZSKA 32, 53842 RONOV NAD DOBRAVOU
1275;SLAVOMÍR BENEŠ;Třebonín 99, 28601.0, ČÁSLAV;35;49.8887541;15.3852095;Třebonín 99, 28601 ČÁSLAV
1278;Martin Kumpan;Spojovací 72, 53952.0, Trhová Kamenice;68;49.7875913;15.818565;Spojovací 72, 53952 Trhová Kamenice
1281;SADY SVOBODNÁ VES  s.r.o.;28573.0, HORUŠICE;35;49.9971136;15.4392044;Horušice 14, 28573 HORUŠICE
1282;Zdeněk Andres;Husova 1016, 53401.0, Holice;68;50.0718088;15.9871738;Husova 1016, 53401 Holice
1285;Martin Zachariáš;Čáslavská 248, 28401.0, KUTNÁ HORA;35;49.9471002;15.2853113;Čáslavská 248, 28401 KUTNÁ HORA
1287;ZADINA JAN AGROSLUŽBY;28.října 71, 28571.0, VRDY;35;49.9234713;15.46285;28.října 71, 28571 VRDY
1290;CERMAN Tomáš;Malešovská 669,  Žižkov, 28401.0, KUTNÁ HORA;35;49.9484381;15.2519877;Malešovská 669,  Žižkov, 28401 KUTNÁ HORA
1291;Miloš Buřval;80, 53701.0, Rabštejnská Lhota;218;49.9147925;15.762485;Rabštejnská Lhota 88, 53701 Chrudim
1296;JOSEF MALÝ;Javorová 967, 28163.0, KOSTELEC NAD ČERNÝMI LESY;35;49.9890438;14.86082;Javorová 967, 28163 KOSTELEC NAD ČERNÝMI LESY
1302;Zemědělské družstvo vlastníků Mrákotín;111, 53901.0, Mrákotín;223;49.8103102;15.948363;Mrákotín 47, 53901 Mrákotín
1303;Povodí Labe, státní podnik;Cihelna 135, 53009.0, PARDUBICE;35;50.0524624;15.7720446;Cihelna 135, 53009 PARDUBICE
1307;DOLMEN s.r.o.;5. Května 143, 58282.0, GOLČŮV JENÍKOV;35;49.8147625;15.477315;5. Května 143, 58282 GOLČŮV JENÍKOV
1311;JIŘÍ TOMA;Sportovní  98, 58281.0, HABRY;35;49.761085;15.4854099;Sportovní  98, 58281 HABRY
1315;Dopravní společnost Zlín-Otrokovice, s.r.o.;Podvesná XVII 3833, 76092.0, ZLÍN;105;49.2270563;17.6929488;Podvesná XVII 3833, 76092 ZLÍN
1322;Bohumil Drštička;Vrchlického 2601, 58601.0, Jihlava;68;49.3976804;15.5753185;Vrchlického 2601, 58601 Jihlava
1324;ZEVA CHLISTOVICE  a.s.;Chlistovice 28, 28401.0, KUTNÁ HORA;35;49.8869433;15.2055069;Chlistovice 28, 28401 KUTNÁ HORA
1326;Jiří Rojar;Peciny 202, 57001.0, Litomyšl;223;49.8729913;16.3221288;Peciny 202, 57001 Litomyšl
1327;FALCO - PROFI  s.r.o.;CHOTUSICE 287, 28576.0, CHOTUSICE;35;49.9508825;15.3967725;CHOTUSICE 287, 28576 CHOTUSICE
1338;Martin Šitina;Dolní Roveň 293, 53371.0, DOLNÍ ROVEŇ;223;50.0280479;15.969534;Dolní Roveň 293, 53371 DOLNÍ ROVEŇ
1340;JIŘÍ KOHOUTEK;Husova 409, 28561.0, ŽLEBY;35;49.8902463;15.4890463;Husova 409, 28561 ŽLEBY
1342;DOREZA s.r.o.;Nádražní 139, 50351.0, Chlumec nad Cidlinou;35;50.1615651;15.4603138;Nádražní 139, 50351 Chlumec nad Cidlinou
1344;Vratislav Ryšánek;Jarmily Kratochvílové 1689, 28601.0, Čáslav;35;49.9037301;15.3861154;Jarmily Kratochvílové 1689, 28601 Čáslav
1347;AUTODOPRAVA FAUL;Horky 141, 28601.0, ČÁSLAV;35;49.8887541;15.3852095;Horky 141, 28601 ČÁSLAV
1355;P S K , s.r.o. CHOCEŇ;T. N. Kautníka 165, 56501.0, Choceň;223;50.0074188;16.21763;T. N. Kautníka 165, 56501 Choceň
1367;EMKAR SERVIS, spol.s.r.o.;Nové Bránice 153, 66464.0, DOLNÍ KOUNICE;218;49.0684504;16.4606447;Nové Bránice 153, 66464 DOLNÍ KOUNICE
1369;AUTODOPRAVA REMAR VÁCLAV;Rozkos 1155, 58291.0, SVĚTLÁ NAD SÁZAVOU;35;49.6730661;15.3934263;Rozkos 1155, 58291 SVĚTLÁ NAD SÁZAVOU
1370;MLÝN - JIŘÍ KRYŠTOFEK;58224.0, OUDOLEŇ;35;49.6593287;15.7556482;58224 OUDOLEŇ
1374;JOSEF ŠVEC  Auto-Moto-Mix;Hniličkova 50, 53701.0, CHRUDIM 2;68;49.9485399;15.7875251;Hniličkova 50, 53701 CHRUDIM 2
1375;BOHUSLAV JANEČEK zemní práce prováděné stroji;Chlístov 43, 58001.0, HAVLÍČKŮV BROD;35;49.6204263;15.5266788;Chlístov 43, 58001 HAVLÍČKŮV BROD
1377;Lenka Štěrbová;Dudychova 525, 53401.0, HOLICE V ČECHÁCH;223;50.0712263;15.9785688;Dudychova 525, 53401 HOLICE V ČECHÁCH
1379;TOMÁŠ HAVLÍČEK;Masarykova 127, 28601.0, ČÁSLAV;35;49.9134782;15.3916473;Masarykova 127, 28601 ČÁSLAV
1380;AUTODOPRAVA VOJTA JIŘÍ;Vernirov 5, 28521.0, ZBRASLAVICE;35;49.8153264;15.1866528;Vernirov 5, 28521 ZBRASLAVICE
1381;RADEK NEČAS;NÁKLADNÍ AUTODOPRAVA, 28401.0, KUTNÁ HORA;35;49.9394844;15.2647023;NÁKLADNÍ AUTODOPRAVA, 28401 KUTNÁ HORA
1383;Milan Homolka - ZÁMEČNICTVÍ;Žižkovská 275, 28571.0, VRDY;35;49.9165451;15.4736375;Žižkovská 275, 28571 VRDY
1384;AUTODÍLY CHALOUPKA;Slavošov 3, 28522.0, ZRUČ NAD SÁZAVOU;35;49.7573419;15.1204762;Slavošov 3, 28522 ZRUČ NAD SÁZAVOU
1387;PAVEL VOTÝPKA;Církvice 201, 28533.0, CÍRKVICE U KUTNÉ HORY;35;49.9470182;15.3268808;Církvice 201, 28533 CÍRKVICE U KUTNÉ HORY
1391;PETR MAŠÍN;Červené Janovice 92, 28542.0, ČERVENÉ JANOVICE;35;49.8301602;15.2592715;Červené Janovice 92, 28542 ČERVENÉ JANOVICE
1392;AUTODOPRAVA JOSEF DYMÁK;Jakub 66, 28533.0, CÍRKVICE;35;49.9553688;15.3376475;Jakub 66, 28533 CÍRKVICE
1393;Jiří Doležal;Přestavlky 4, 53862.0, HROCHŮV TÝNEC;223;49.9576042;15.91216;Přestavlky 4, 53862 HROCHŮV TÝNEC
1394;JETTI, a.s.;Riegerova 769, 58282.0, GOLČŮV JENÍKOV;35;49.8044094;15.4947231;Riegerova 769, 58282 GOLČŮV JENÍKOV
1399;MAREK JAROSLAV;Moravany 5, 53843.0, TŘEMOŠNICE;35;49.8728061;15.5719937;Moravany 5, 53843 TŘEMOŠNICE
1411;AUTODOPRAVA SLÁDEČEK;Nučice 129, 28163.0, KOSTELEC NAD ČERNÝMI LESY;35;49.9676857;14.8672867;Nučice 129, 28163 KOSTELEC NAD ČERNÝMI LESY
1413;Jiří Petráň;31, 53803.0, Heřmanův Městec;35;49.9374738;15.6474575;Konopáč 37, 53803 HEŘMANŮV MĚSTEC
1417;Zdeněk Svoboda;Dolní Březinka 55, 58291.0, Světlá nad Sázavou;35;49.6639032;15.3866605;Dolní Březinka 55, 58291 Světlá nad Sázavou
1419;AUTODOPRAVA BOHUSLAV SOUREK;Husova 13, 28506.0, SÁZAVA;35;49.8706625;14.89614;Husova 13, 28506 SÁZAVA
1421;Aleš Procházka;Lichnická 378, 53843.0, Třemošnice;218;49.8728501;15.5813663;Lichnická 378, 53843 Třemošnice
1423;BRABENEC MARIAN;Kaplířovo náměstí 18, 25901.0, VOTICE;35;49.6453636;14.6366946;Kaplířovo náměstí 18, 25901 VOTICE
1424;AUTODOPRAVA PETR VELEBIL;Nebovidy 3, 28002.0, KOLÍN II;35;50.0330708;15.1905655;Nebovidy 3, 28002 KOLÍN II
1430;Luboš Braha;Školní 805, 53006.0, Pardubice;218;50.0273056;15.7351137;Školní 805, 53006 Pardubice
1434;SILNIČNÍ NÁKLADNÍ AUTODOPRAVA JAN CHARVAT;25768.0, DOLNÍ KRALOVICE;35;49.6721559;15.157366;25768 DOLNÍ KRALOVICE
1435;Miroslav Opava;35, 35301.0, Vlkovice;221;49.9610519;12.6874518;35, 35301 Vlkovice
1440;Vladimír Dolan;28.ŘÍJNA 1290, 58401.0, LEDEČ NAD SÁZAVOU;35;49.6984889;15.2761522;28.ŘÍJNA 1290, 58401 LEDEČ NAD SÁZAVOU
1445;PETR MIKEŠ AUTODOPRAVA;Žacká 1427, 28601.0, ČÁSLAV;35;49.9083601;15.3865469;Žacká 1427, 28601 ČÁSLAV
1449;Radek Skála;Za Rybníkem 1707, 28601.0, ČÁSLAV;35;49.9076244;15.3880633;Za Rybníkem 1707, 28601 ČÁSLAV
1452;ŠKOLNÍ STATEK STŘEDOČESKÉHO KRAJE;středisko Čáslav, 25089.0, LÁZNĚ TOUŠEŇ;35;50.1684018;14.71406;středisko Čáslav, 25089 LÁZNĚ TOUŠEŇ
1460;JOSEF DVOŘÁK AUTODOPRAVA;Vepříkov 11, 58301.0, CHOTĚBOŘ;35;49.726392;15.6722893;Vepříkov 11, 58301 CHOTĚBOŘ
1461;ERIK TOMEK;Bystřice 28, 53901.0, HLINSKO V ČECHÁCH;35;49.7653932;15.9091627;Bystřice 28, 53901 HLINSKO V ČECHÁCH
1462;MILAN TRPKOŠ;V LUKÁCH   982, 53803.0, HEŘMANŮV MĚSTEC;35;49.950345;15.6678663;V LUKÁCH   982, 53803 HEŘMANŮV MĚSTEC
1464;MARTIN BRYNYCH;Kněžice 80, 53843.0, TŘEMOŠNICE;35;49.8728061;15.5719937;Kněžice 80, 53843 TŘEMOŠNICE
1468;PETR FANTA;Štrampouch 84, 28601.0, ČÁSLAV;35;49.8887541;15.3852095;Štrampouch 84, 28601 ČÁSLAV
1469;Tomáš Dvořák;140, 68301.0, Velešovice;218;49.1668857;16.8427394;Velešovice 1, 68301 Velešovice
1470;Vízner Jiří;Licoměřice 13, 53843.0, TŘEMOŠNICE;35;49.8728061;15.5719937;Licoměřice 13, 53843 TŘEMOŠNICE
1471;JAN JURÍČEK opravy silničních vozidel;Krasoňovice 17, 28522.0, ZRUČ NAD SÁZAVOU;35;49.7573419;15.1204762;Krasoňovice 17, 28522 ZRUČ NAD SÁZAVOU
1476;Zdravotnická záchranná služba Středočeského kraje, příspěvková organizace;Vančurova 1544, 27201.0, Kladno;105;50.1403513;14.0882437;Vančurova 1544, 27201 Kladno
1482;TOMÁŠ VANĚČEK;Na Pohoří 749, 28522.0, ZRUČ NAD SÁZAVOU;35;49.7481896;15.0981586;Na Pohoří 749, 28522 ZRUČ NAD SÁZAVOU
1484;FRANTISEK SKOKAN;Nádražní 285, 53842.0, RONOV NAD DOUBRAVOU;35;49.8916913;15.5283213;Nádražní 285, 53842 RONOV NAD DOUBRAVOU
1491;Lukáš Uhlíř;435, 56907.0, Radiměř;223;49.69835;16.4156507;Radiměř 444, 56907 Radiměř
1499;Petr Svoboda;Bezručova 1286, 33202.0, Starý Plzenec;68;49.6961933;13.4649526;Bezručova 1286, 33202 Starý Plzenec
1501;Výstaviště Lysá nad Labem spol. s r.o.;Masarykova 1727, 28922.0, Lysá nad Labem;105;50.1975619;14.840299;Masarykova 1727, 28922 Lysá nad Labem
1516;HOKA interier s.r.o.;B. Nemcové 1190, 28601.0, ČÁSLAV;35;49.8887541;15.3852095;B. Nemcové 1190, 28601 ČÁSLAV
1518;Michal Dostál;Dolní 217, 74266.0, Štramberk;218;49.5884513;18.1130275;Dolní 217, 74266 Štramberk
1519;Dopravní podnik mesta Martin. s.r.o.;S.H.Vajanského 1, 3601.0, Martin;105;49.1119602;18.9255958;S.H.Vajanského 1, 3601 Martin
1526;Petr Holub;57, 53401.0, Poběžovice u Holic;68;50.0731169;15.9926839;57, 53401 Poběžovice u Holic
1539;Kroměřížské technické služby, s.r.o.;Kaplanova 2959/6, 76701.0, Kroměříž;218;49.3094593;17.4003705;Kaplanova 2959/6, 76701 Kroměříž
1562;Zdeněk Kučera;Vítězství 565, 53821.0, Slatiňany;68;49.920615;15.8202913;Vítězství 565, 53821 Slatiňany
1565;DaV zemědělská výroba, s.r.o.;93, 28601.0, Bílé Podolí;35;49.8887541;15.3852095;90, 28601 Bílé Podolí
1570;Tomáš Vaněk;Cuřínova 591, 14200.0, Praha;35;50.0109344;14.4532103;Cuřínova 591, 14200 Praha
1572;FRANK RADEK;28533.0, Církvice;35;49.9473633;15.3376229;45, 28533 Církvice
1578;ZEM.OBCH.DRUŽSTVO  VILÉMOV;čerpací stanice p.Švec, 58283.0, VILÉMOV;35;49.8117936;15.5335307;čerpací stanice p.Švec, 58283 VILÉMOV
1579;POLYTRANS spol. s r.o.;U Červeného Dvora 86, 66902.0, Suchohrdly;35;48.8687892;16.0937096;U Červeného Dvora 86, 66902 Suchohrdly
1589;Vojtěch Ježek;Pod domy 126, 50346.0, Třebechovice pod Orebem;68;50.2001588;15.9937313;Pod Domy 126, 50346 Třebechovice pod Orebem
1594;RTT,spol. s r.o.;Husova 128, 28601.0, ČÁSLAV;35;49.9129802;15.3925524;Husova 128, 28601 ČÁSLAV
1604;ADIP SLOVAKIA, spol. s r. o.;Partizánska cesta 97, 97401.0, Banská Bystrica;105;48.7438442;19.1824711;Partizánska cesta 97, 974 01 Banská Bystrica
1635;ALLECO SPEED, s. r. o.;Dvorská 2347/23, 78901.0, ZÁBŘEH NA MORAVĚ;68;49.8751513;16.8953099;Leštinská 978/34, 78901 Zábřeh na Moravě
1637;AGROZET České Budějovice, a.s.;Výrov 30, 38421.0, HUSINEC;110;49.0488519;13.9969426;Výrov 30, 38421 HUSINEC
1642;ATOS stavebniny s.r.o.;Sázavská 174, 58401.0, Ledeč nad Sázavou;35;49.6958822;15.2724085;Sázavská 174, 58401 Ledeč nad Sázavou
1670;ZLINER s. r. o.;Chvalšintská 242, 38101.0, ČESKÝ KRUMLOV;23;48.8076783;14.3126811;Chvalšintská 242, 38101 ČESKÝ KRUMLOV
1671;HORACEK JAN;28533.0, CIRKVICE;35;49.9473633;15.3376229;78, 28533 CIRKVICE
1679;ADOSA a.s.;Zastávecká 1030, 66501.0, ROSICE U BRNA;105;49.1843798;16.3709656;Zastávecká 1030, 66501 ROSICE U BRNA
1686;Povodí Labe  a.s. akciova spolecnost;Mlýnska 297B, 41301.0, ROUDNICE NAD LABEM;35;50.4269053;14.2574758;Mlýnska 297B, 41301 ROUDNICE NAD LABEM
1699;K  H pneu s.r.o.;Sokolovská 428, 18600.0, Praha;68;50.0953019;14.4577639;Sokolovská 428, 18600 Praha
1706;ControlSys s.r.o.;76, 28401.0, Miskovice;35;49.9394844;15.2647023;76, 28401 Miskovice
1712;Jaroslav Kopecký;Žižkova 1691, 58301.0, Chotěboř;68;49.7145581;15.6725994;Žižkova 1691, 58301 CHOTĚBOŘ
1715;HZS Středočeského kraje;U zastávky 280, 28401.0, KUTNÁ HORA;35;49.9572535;15.2879424;U zastávky 280, 28401 KUTNÁ HORA
1716;HZS Středočeského kraje Územní odbor Kolín;Polepská 634, 28000.0, KOLÍN;35;50.0146516;15.2052253;Polepská 634, 28000 KOLÍN
1717;HZS Středočeského kraje;Tyršova 11, 28802.0, NYMBURK;35;50.1846098;15.0392354;Tyršova 11, 28802 NYMBURK
1719;MAKRO MORAVANY SK SPOL.S R.O.;Komárňanská cesta, 94002.0, Nové Zámky;105;47.9617382;18.1851185;Komárňanská cesta, 94002 Nové Zámky
1724;Agentura D-K s.r.o.;Škroupova 53, 53701.0, CHRUDIM 1;223;49.9485399;15.7875251;Škroupova 53, 53701 CHRUDIM 1
1726;RaP Energo spol. s r.o.;Svobody 103, 28571.0, Vrdy;35;49.924285;15.4647913;Svobody 103, 28571 Vrdy
1733;ENGELMANN CZECH s.r.o.;Pod Hybšmankou 2339/19, 15000.0, PRAHA 5;35;50.0754185;14.3749017;Pod Hybšmankou 2339/19, 15000 PRAHA 5
1734;JINDRICH KASPAR;Staňkovice - Ostašov 11, 28504.0, UHLÍŘSKÉ JANOVICE;35;49.8779876;15.0656465;Staňkovice - Ostašov 11, 28504 UHLÍŘSKÉ JANOVICE
1735;VEKTRA spol. s.r.o.;Libenice 52, 28002.0, KOLÍN II;35;50.0330708;15.1905655;Libenice 52, 28002 KOLÍN II
1743;Ing. Petr Vomáčka;Svatokřížská 54, 53842.0, RONOV NAD DOUBRAVOU;219;49.8870626;15.5310538;Svatokřížská 54, 53842 RONOV NAD DOUBRAVOU
1744;Jan Matějka;Horušice 14, 28573.0, HORUŠICE;35;49.9971136;15.4392044;Horušice 14, 28573 HORUŠICE
1745;JETLEB JIRI;Markovická 314, 28571.0, VRDY;35;49.9154275;15.4691675;Markovická 314, 28571 VRDY
1746;MAKRO - 501 Divize OSOBNÍ VOZY;228, 28533.0, Církvice;35;49.9473633;15.3376229;45, 28533 Církvice
1747;Petr Palme;Pod zahrady 327, 50346.0, Třebechovice pod Orebem;68;50.1993013;15.9961749;Pod zahrady 327, 50346 Třebechovice pod Orebem
1750;Jestra s.r.o.;92, 28002.0, Jestřabí Lhota;35;50.0330708;15.1905655;92, 28002 Jestřabí Lhota
1756;THS, s.r.o.;252, 51603.0, Lukavice;68;50.0373728;16.5036142;33, 56151 Lukavice
1789;ŠULÁK PETR;28601.0, ČÁSLAV;35;49.860628;15.4644078;Hostovlice 18, 28562 HOSTOVLICE U ČÁSLAVĚ
1793;Radovan Mareš;Hronovická 498, 53002.0, Pardubice;68;50.0338606;15.7752082;Hronovická 498, 53002 Pardubice
1797;Vladimír Švára s.r.o.;Měšická 2868, 39002.0, Tábor;35;49.4052842;14.6896333;Měšická 2868, 39002 Tábor
1798;Zdeněk Málek;Fibichova 2033, 28601.0, Čáslav;35;49.9052639;15.3952918;Fibichova 2033, 28601 Čáslav
1799;STROJMONT s.r.o.;Osady Ležáků 804, 53851.0, Chrast;68;49.8997728;15.930879;Osady Ležáků 804, 53851 Chrast
1813;Zdeněk Málek s.r.o.;Nádraží 605, 58282.0, Golčův Jeníkov;35;49.8373564;15.4671543;Nádraží 605, 58282 Golčův Jeníkov
1817;David Nocar;28576.0, Chotusice;35;49.9493549;15.3944503;28576 Chotusice
1823;BALSANEK MIROSLAV;28401.0, Kutna Hora;35;49.9486561;15.2681123;28401 Kutna Hora
1829;LOUDA MILAN;28401.0, KUTNA HORA;35;49.9486561;15.2681123;28401 Kutna Hora
1830;JELINEK TOMAS;28522.0, ZRUC NAD SAZAVOU;35;49.740296;15.106074;28522 ZRUC NAD SAZAVOU
1831;LOVL MILOS;28601.0, CASLAV;35;49.9040946;15.3947317;V Toufarne 19, 28601 CASLAV
1832;FORST ZDENEK;ZA KOSTELEM 223, 28533.0, JAKUB;35;49.95126;15.3361963;ZA KOSTELEM 223, 28533 JAKUB
1837;Jiří Mervard;144, 28163.0, Nučice;35;49.9676857;14.8672867;Nučice 129, 28163 KOSTELEC NAD ČERNÝMI LESY
1847;Nikol Šauli;V Zahradách 327, 58282.0, Golčův Jeníkov;35;49.81812;15.4822513;V Zahradách 327, 58282 Golčův Jeníkov
1863;Středovy pekárny s.r.o.;Cukrovarská 20, 19600.0, Praha;35;50.1515594;14.5228722;Cukrovarská 20, 19600 Praha
1864;STEFEC JOSEF;28533.0, CIRKVICE;35;49.9473633;15.3376229;78, 28533 CIRKVICE
1866;SMUTNY VLADIMIR;58282.0, GOLCUV JENIKOV;35;49.8160108;15.4772768;58282 GOLCUV JENIKOV
1882;Petr Vrbata;140, 50901.0, Nová Paka;68;50.4876051;15.5111699;Pražská 11, 50901 Nová Paka
1890;Pavel Javůrek;118, 57001.0, Benátky;68;45.5700964;12.8160144;118, 57001 Benátky
1904;SMS 21, spol. s r.o.;12, 28504.0, Nepoměřice;35;49.8779876;15.0656465;12, 28504 Nepoměřice
1906;ZEMAN VACLAV;OLSINKY, 58282.0, GOLCUV JENIKOV;35;49.7974435;15.4787612;OLSINKY, 58282 GOLCUV JENIKOV
1909;Městys Žehušice;Hlavní 107, 28575.0, Žehušice;35;49.969575;15.4073013;Hlavní 107, 28575 Žehušice
1913;Obec Záboří nad Labem;Školní 164, 28574.0, Záboří nad Labem;35;50.0253551;15.3503137;Školní 164, 28574 Záboří nad Labem
1925;KALOUSEK JIRI;28601.0, CASLAV;35;49.9040946;15.3947317;V Toufarne 19, 28601 CASLAV
1932;Svatopluk Poruba;Havelcova 176, 28000.0, Kolín;35;50.0254094;15.2009822;Havelcova 176, 28000 Kolín
1935;SVOJTKA;28533.0, CIRKVICE;35;49.9473633;15.3376229;78, 28533 CIRKVICE
1936;Milan Petřík;Závodu míru 255, 36017.0, Karlovy Vary;221;50.2413172;12.8389221;Závodu míru 255, 36017 Karlovy Vary
1937;SEMEREAD MILAN;28561.0, ZLEBY;35;49.8895845;15.4885289;28561 ZLEBY
1942;PROVAZNIK MARTIN;58282.0, FRYDNAVA 58;35;49.7818638;15.48564;58282 FRYDNAVA 58
1958;TEMPUS NET s.r.o.;Radlická 505, 15000.0, Praha;35;50.0653255;14.4031975;Radlická 505, 15000 Praha
1963;PRUCHA;28601.0, CASLAV;35;49.9040946;15.3947317;V Toufarne 19, 28601 CASLAV
1965;BRODNICEK JIRI;HABRKOVICE, 28401.0, KUTNA HORA;35;49.9394844;15.2647023;27, 28401 Habrkovice
1966;OTRADOVEC KAREL;28401.0, KUTNA HORA;35;49.9486561;15.2681123;28401 Kutna Hora
1968;Libor Pospíšil;140, 28401.0, Svatý Mikuláš;35;49.9859603;15.3501889;Svatý Mikuláš 140, 28401 Kutná Hora
1969;Shampoo  Wax s.r.o.;Příční 844, 60200.0, Brno;35;49.2003535;16.61662;Příční 844, 60200 Brno
1974;Vyšší odborná škola, Střední průmyslová škola a Obchodní akademie, Čáslav, Přemysla Otakara II. 938;Přemysla Otakara II. 938, 28601.0, Čáslav;35;49.9081428;15.3961871;Přemysla Otakara II. 938, 28601 Čáslav
1989;Ondřej Koudelka;28, 28401.0, Bernardov;35;49.9394844;15.2647023;21, 28401 Bernardov
1995;Jan Šisler;Hálkova 24, 25082.0, Úvaly;35;50.0714326;14.727575;Hálkova 24, 25082 Úvaly
2008;MATEJKA;28601.0, CASLAV;35;49.9040946;15.3947317;V Toufarne 19, 28601 CASLAV
2011;ZIKMUNDA JAROSLAV;28533.0, JAKUB 107;35;49.9494301;15.33953;28533 JAKUB 107
2013;Petr Spudil;24, 28401.0, Kobylnice;35;49.9394844;15.2647023;24, 28401 Kobylnice
2014;ŠTROSS - protlaky s.r.o.;Revoluční 1033, 53401.0, Holice;68;50.0694851;15.9946263;Revoluční 1033, 53401 Holice
2022;TAVERNA KOLÍN, s.r.o.;Kutnohorská 51, 28002.0, Kolín;35;50.026753;15.2066864;Kutnohorská 51, 28002 Kolín
2028;Michal Sulovský;Ke Stadionu 442, 53821.0, Slatiňany;35;49.9149313;15.81487;Ke Stadionu 442, 53821 Slatiňany
2029;VEOS Pospíšil s.r.o.;Dlouhá 226, 69617.0, Dolní Bojanovice;35;48.8584175;17.0302988;Dlouhá 226, 69617 Dolní Bojanovice
2031;TJ Sokol Malín z.s.;298, 28401.0, Kutná Hora;35;49.9473338;15.2395788;Přítoky 74, 28401 Kutná Hora
2033;Milan Vyžrálek s.r.o.;114, 67172.0, Miroslavské Knínice;35;48.9774765;16.3220498;114, 67172 Miroslavské Knínice
2035;VEVERKA MAREK;28601.0, CASLAV;35;49.9040946;15.3947317;V Toufarne 19, 28601 CASLAV
2038;Speedtrans rail s.r.o.;Zagarolská 381, 27751.0, Nelahozeves;35;50.2785116;14.3090463;Zagarolská 381, 27751 Nelahozeves
2039;Zbyněk Petr;Trávníčkova 1777, 15500.0, Praha;35;50.0457485;14.3179302;Trávníčkova 1777, 15500 Praha
2040;Markéta Hospodková;B. Smetany 962, 28601.0, Čáslav;35;49.9056608;15.3971158;B. Smetany 962, 28601 Čáslav
2044;Martin Vaník;Soušice 40, 25763.0, Trhový Štěpánov;35;49.7244602;15.0242628;Soušice 40, 25763 Trhový Štěpánov
2045;GRAFFIN s.r.o;Hvězdova 870, 14000.0, Praha;35;50.0530288;14.4401965;Hvězdova 870, 14000 Praha
2046;Tomáš Holada;U Vorliny 1081, 25801.0, Vlašim;35;49.6995813;14.8912088;U Vorliny 1081, 25801 Vlašim
2057;SAMEK;28563.0, POTEHY;35;49.8693597;15.4200956;28563 POTEHY
2058;Zdeněk Hrubý;39, 28506.0, Zbizuby;35;49.8779876;15.0656465;66, 28504 Zbizuby
2059;Autoservis DIVIŠOV s.r.o. v likvidaci;Chudenická 1058, 10200.0, Praha;35;50.0462693;14.5191528;Chudenická 1058, 10200 Praha
2081;Tomáš Votruba;Táborská 59, 25706.0, Louňovice pod Blaníkem;219;49.6353813;14.8462413;Táborská 59, 25706 Louňovice pod Blaníkem
2095;VALIK JOSEF;28533.0, CIRKVICE 152;35;49.9474988;15.3375838;28533 CIRKVICE 152
2099;ZVONICEK ZDENEK ml.;28533.0, CIRKVICE;35;49.9473633;15.3376229;78, 28533 CIRKVICE
2100;DRAVOS, spol. s r.o.;Vlašimská 130, 28522.0, Zruč nad Sázavou;35;49.740609;15.0998949;Vlašimská 130, 28522 Zruč nad Sázavou
2102;TUMA DAVID;53372.0, MORAVANY;35;49.9983313;15.951525;ZELENA 319, 53372 MORAVANY
2103;Václav Kavánek;166, 28563.0, Tupadly;35;49.868738;15.4094254;Horky 117, 28563 TUPADLY
2104;Holub Spedition s.r.o.;Beckovského 2045, 58001.0, Havlíčkův Brod;35;49.6063822;15.5749341;Beckovského 2045, 58001 Havlíčkův Brod
2105;SFTB Czech Republic s.r.o.;Zámostní 1155, 71000.0, Ostrava;35;49.8396517;18.2990188;Zámostní 1155, 71000 Ostrava
2106;FAJN PRO s.r.o.;Pod sídlištěm 293, 63600.0, Brno;35;49.1898739;16.6525408;Pod sídlištěm 293, 63600 Brno
2110;Drahomír Holub s.r.o.;Chrudimská 1657, 53501.0, Přelouč;35;50.0324318;15.5786854;Chrudimská 1657, 53501 Přelouč
2122;Jiřina Jančová;V Chalupách 77, 28561.0, Žleby;35;49.8878101;15.4800113;V Chalupách 77, 28561 Žleby
2133;Ondřej Marek;66, 36001.0, Stanovice;221;50.177655;12.8608163;stanovice 103, 36001 Stanovice
2135;Stanislav Walter;526, 33016.0, Všeruby;221;49.8421237;13.229539;526, 33016 Všeruby
2146;Just-Cars s.r.o.;Česká 866, 53705.0, Chrudim;68;49.9547924;15.809921;Česká 866, 53705 Chrudim
2147;Martin Bucifal;15, 28504.0, Rašovice;68;49.8779876;15.0656465;15, 28504 Rašovice
2151;Stanislav Jirásek;U Stadionu 706, 53703.0, Chrudim;68;49.9394925;15.7976799;U Stadionu 706, 53703 Chrudim
2152;Zdeněk Jíně;240, 53701.0, Sobětuchy;68;49.9314106;15.7633777;124, 53701 Sobětuchy
2167;KONOPA Vladimír s.r.o.;51, 36225.0, Nová Role;221;50.2776699;12.7988729;51, 36225 Nová Role
2172;PEKA stavební s.r.o.;46, 28601.0, Okřesaneč;68;49.8887541;15.3852095;Okřesaneč 122, 28601 Čáslav
2179;Oldřich Tranta;U Lípy 866, 54901.0, Nové Město nad Metují;35;50.3584288;16.1542075;U Lípy 866, 54901 Nové Město nad Metují
2186;NOVAR, spol. s r.o.;Javornická 1609, 51601.0, Rychnov nad Kněžnou;68;50.1633093;16.2800911;Javornická 1609, 51601 Rychnov nad Kněžnou
2188;Jiří Witczak;135, 51603.0, Rychnov nad Kněžnou;68;50.1696607;16.319514;12, 51601 Rychnov nad Kněžnou
2189;Tomáš Gregor;444, 51702.0, Kvasiny;68;50.2133822;16.2630629;444, 51702 Kvasiny
2199;Vestaj s.r.o.;45, 28401.0, Křesetice;35;49.9078776;15.2600425;Křesetice 155, 28401 Kutná Hora
2213;P+M Kasarda Kolínské uzeniny, s.r.o.;U Kostelíčka 60, 28002.0, Kolín;35;50.0318872;15.2063009;U Kostelíčka 60, 28002 Kolín
2219;Antonín Adamec;Lidická 535, 36001.0, Karlovy Vary;221;50.2331439;12.8932697;Lidická 535, 36001 Karlovy Vary
2220;č;Příční 102, 36263.0, Dalovice;221;50.2496922;12.894712;Příční 102, 36263 Dalovice
2233;VMJ STAVBY Novotný s.r.o.;Lichnická 7, 53842.0, Ronov nad Doubravou;35;49.8883653;15.5363577;Lichnická 7, 53842 Ronov nad Doubravou
2271;VATODO s.r.o.;nám.Jana Žižky z Trocnova   172/49, 28601.0, Čáslav;35;49.9104169;15.3903227;nám.Jana Žižky z Trocnova   172/49, 28601 Čáslav
2275;JAKUB POLÁK;Hošťalovice 6, 53803.0, HEŘMANŮV MĚSTEC;35;49.9338762;15.6580216;Hošťalovice 6, 53803 HEŘMANŮV MĚSTEC
2278;Obec Církvice;6, 28533.0, Církvice;35;49.9473633;15.3376229;45, 28533 Církvice
2282;DOMEG  V s.r.o.;419, 68303.0, Luleč;35;49.2537784;16.9275043;419, 68303 Luleč
2286;Martin Lorenc;Polní 813, 50003.0, Hradec Králové;68;50.2126979;15.8508563;Polní 813, 50003 Hradec Králové
2303;JTEKT Czech Republic s.r.o.;Folmavská 1152, 30100.0, Plzeň;35;49.7295217;13.335542;Folmavská 1152, 30100 Plzeň
2312;Michal Šafařík;12, 28601.0, Žehušice;35;49.9736831;15.4019548;Školní 279, 28575 Žehušice
2320;Milan Eliáš;306, 56141.0, Řetová;68;49.9452274;16.3812667;306, 56141 Řetová
2330;KARBOX s.r.o.;Tovární 1553, 53501.0, Přelouč;35;50.0375938;15.5826163;Tovární 1553, 53501 Přelouč
2336;Tomáš Jankovský;Poděbradova 140, 53854.0, Luže;68;49.9015563;16.0358213;Poděbradova 140, 53854 Luže
2337;Miloš Bureš;1, 53973.0, Skuteč;68;49.841382;16.0049405;Na Vlaštovce 797, 53973 SKUTEČ
2338;Michal Vrána;Anglická 1461, 53901.0, Hlinsko;68;49.7572926;15.9078638;Anglická 1461, 53901 Hlinsko
2355;Odborná příprava staveb s. r. o.;Primátorská 296, 18000.0, Praha;35;50.1135847;14.4731718;Primátorská 296, 18000 Praha
2396;ALMA PNEU s.r.o.;Malostranská 586, 74242.0, Šenov u Nového Jičína;105;49.6009952;18.0092722;Malostranská 586, 74242 Šenov u Nového Jičína
2414;Top Car Service Blansko spol. s r.o.;Bezručova 1421, 67801.0, Blansko;68;49.3705288;16.6461925;Bezručova 1421, 67801 Blansko
2429;BAVARIA SPORT TEAM s. r. o.;Hollého 1247, 95701.0, Bánovce nad Bebravou;105;48.7210942;18.2609872;Hollého 1247, 957 01 Bánovce nad Bebravou
2431;Luboš Melcr;66, 28576.0, Chotusice;35;49.9493549;15.3944503;28576 Chotusice
2469;HATER - HANDLOVÁ spol. s r.o.;Potočná 20, 97251.0, Handlová;105;48.7255128;18.7565654;Potočná 20, 97251 Handlová
2473;KOPECKY JIRI;Na Belisti, 28601.0, Čáslav;35;49.9118119;15.3820898;Na belisti 72/16, 28601 Čáslav
2474;Jaroslav Štipčák;Na Dílech, 69603.0, Dubňany;35;48.9184403;17.1016326;Na Dílech, 69603 Dubňany
2478;Nekvinda - Zemědělská technika;Průmyslová, 69642.0, Vracov;105;49.0587178;17.4591195;Průmyslová, 68601 Uherské Hradiště
2510;ADS Vranov, s.r.o.;Mlynská, 9301.0, Vranov nad Topľou;105;48.8958836;21.672123;Mlynská, 9301 Vranov nad Topľou
2511;ADS Vranov, s.r.o.;Fidlíkova, 6643.0, Humenné;105;48.9310458;21.886254;Fidlíkova, 6643 Humenné
2519;PILC ODPADY s.r.o.;K Mokřinám 335, 28401.0, Kutná Hora;68;49.9656876;15.3066539;K Mokřinám 335, 28401 KUTNÁ HORA
2520;Dopravný podnik Bratislava, akciová spoločnosť;Olejkárska 1, 81452.0, Bratislava - mestská časť Staré Mesto;105;48.1419875;17.121912;Olejkárska 1, 81452 Bratislava - mestská časť Staré Mesto
2524;APOLLO 3 s.r.o.;Sandrická, 96681.0, Žarnovica;105;48.4710009;18.7195458;Sandrická, 966 81 Žarnovica
2525;SAD Žilina, a.s.;Košická, 1065.0, Žilina;105;49.0649911;20.3070776;Košická 2, 8001 Prešov
2527;Luboš Trýb;287, 56184.0, Líšnice;103;50.0798233;16.508518;287, 56184 Líšnice
2529;Petr Gašparek;Dělnická 561, 56201.0, Ústí nad Orlicí;103;49.9721897;16.3999814;Dělnická 561, 56201 Ústí nad Orlicí
2537;MRNKA JAN;Zelená 319, 53372.0, Mrnka;35;50.0006746;15.9436307;Zelená 319, 53372 Mrnka
2544;Radek Kropáček;Nový Lán 773, 68724.0, Uherský Ostroh;35;48.9819125;17.4078738;Nový Lán 773, 68724 Uherský Ostroh
2560;B.K Prešov spol. s.r.o;Košická 2, 8001.0, Prešov;105;49.0649911;20.3070776;Košická 2, 8001 Prešov
2562;Dopravný podnik mesta Prešov, a.s.;Bardejovská 7, 8006.0, Ľubotice;105;49.0118672;21.2598968;Bardejovská 7, 8006 Ľubotice
2568;ŠAB SVOBODA;28601.0, CASLAV;35;49.9040946;15.3947317;V Toufarne 19, 28601 CASLAV
2575;TAMAS s.r.o;Ukrajinská 13, 4018.0, Košice-Krásna;105;48.6680945;21.3203938;Ukrajinská 13, 4018 Košice-Krásna
2580;Ing. Rostislav Lacina;Žeravice 211, 69647.0, Žeravice;105;49.0213302;17.2409435;Žeravice 211, 69647 Žeravice
2582;Barbora Peukertová;Na Výsluní 752, 28522.0, Zruč nad Sázavou;35;49.7456144;15.0907625;Na Výsluní 752, 28522 Zruč nad Sázavou
2587;INOS Zličín  a.s.;Strojírenská  411, 15521.0, PRHA 5 - Zličín;105;50.0617301;14.2838812;Strojírenská  411, 15521 PRHA 5 - Zličín
2590;AUTOSERVIS KRAMARCZYK s.r.o.;Vojkovice 57, 36301.0, Vojkovice;105;50.3060816;13.011899;Vojkovice 57, 36301 Vojkovice
2607;Savi Transport s.r.o.;Kopeček 347, 26724.0, Hostomice;35;49.8240775;14.0433488;Kopeček 347, 26724 Hostomice
2614;Petr Nedobyl;8, 58282.0, Kraborovice;35;49.8044094;15.4947231;8, 58282 Kraborovice
2653;Jan Hasík;9, 56201.0, Dolní Dobrouč;103;49.9934726;16.4960715;Petrovice 43, 56102 Dolní Dobrouč
2655;Jan Šafář;40, 56170.0, Písečná;103;50.0459247;16.4511121;40, 56170 Písečná
2664;TIM - OLOMOUC;Hamerska 708/58, 77900.0, Olomouc;35;49.5870105;17.3119318;Hamerska 708/58, 77900 Olomouc
2745;HAVLIN DAVID;Svaty Mikulas, 28401.0, Kutna Hora;35;49.9859603;15.3501889;SVATY MIKULAS 140, 28401 KUTNA HORA
2771;TAMAS MR s.r.o.;Myslavská 437/179, 4016.0, Košice;105;48.7112535;21.2019733;Myslavská 437/179, 4016 Košice
2781;V-SPED s.r.o.;Domažlická 1256/1, 13000.0, Praha;23;50.0876209;14.4639003;Domažlická 1256/1, 13000 Praha
2786;Brevilen 100R s.r.o.;Kubelíkova 1224/42, 13000.0, Praha;35;50.0822372;14.4519445;Kubelíkova 1224/42, 13000 Praha
2807;Pavel Hrubý;Dr. Václava Peška 661, 53701.0, Chrudim;103;49.9434688;15.792989;Dr. Václava Peška 661, 53701 Chrudim
2822;CN CARGO spol. s r.o.;Radomilická 1349, 38901.0, Vodňany;105;49.142413;14.1926693;Radomilická 1349, 38901 Vodňany
2842;BOOMMOTOR s.r.o.;Kamenná Lhota 76, 58292.0, Kamenná Lhota;105;49.64155;15.2742896;Kamenná Lhota 76, 58292 Kamenná Lhota
2844;TELECKA ZDENA;9.kVETNA, 53372.0, Moravany;35;50.0009646;15.9477361;9.Kvetna, 53372 Moravany
2856;Vlasta Macháčková;U Hřiště 594, 33214.0, Chotěšov;105;49.65218;13.2085672;U Hřiště 594, 33214 Chotěšov
2872;Tree Logistic, s.r.o.;Žižkova 1021, 50801.0, Hořice;23;50.3603163;15.6428025;Žižkova 1021, 50801 Hořice
2873;Tree Logistic, s.r.o.;Humburky 1, 50401.0, Nový Bydžov;105;50.2354025;15.5043105;Humburky 1, 50401 NOVÝ BYDŽOV
2875;RK Dřevěné stavby KH s.r.o.;Nerudova 456, 28401.0, Kutná Hora;35;49.9551018;15.2748798;Nerudova 456, 28401 Kutná Hora
2889;CG Technology s.r.o.;Polní 510, 37311.0, Ledenice;110;48.9342576;14.6148283;Polní 510, 37311 Ledenice
2902;Jan Nezbeda;Na Kopečku 1182, 37901.0, Třeboň;110;49.0128272;14.7871676;Na Kopečku 1182, 37901 Třeboň
2908;Město Horní Slavkov;Dlouhá 634/12, 35731.0, Horní Slavkov;221;50.1387322;12.800252;Dlouhá 634/12, 35731 Horní Slavkov
2911;KOCIANOVA OLGA;9.Května, 53372.0, Moravany;35;50.0009646;15.9477361;9.Května, 53372 Moravany
2919;Bartko B&B BUS s.r.o.;Březová 443, 68767.0, Březová;105;48.9166786;17.7521569;Březová 443, 68767 Březová
2920;MARIT-EX, s.r.o.;Seninka 21, 75611.0, Seninka;218;49.2745017;17.9625308;Seninka 21, 75611 Seninka
2921;Petr Škápík;Kostická 1336/32a, 69151.0, Lanžhot;105;48.7261051;16.9703313;Kostická 1336/32a, 69151 Lanžhot
2922;JANIS ROMAN;9.Kvetna, 53372.0, Moravany;35;50.0009646;15.9477361;9.Kvetna, 53372 Moravany
2923;DOSTALEK JAKUB;Miřetice 172, 53955.0, Miřetice;35;49.8312249;15.8843759;Miřetice 172, 53955 Miřetice
2924;Jaroslava Brunclíková;Formíkova 218/7, 28601.0, Čáslav;35;49.9090149;15.3936225;Formíkova 218/7, 28601 Čáslav
2926;Jaroslav Sixl;U Trojice 206, 38101.0, Český Krumlov;110;48.8195082;14.3263401;U Trojice 206, 38101 Český Krumlov
2927;Zdeněk Filipi;Chmelová 500, 56601.0, Vysoké Mýto;68;49.9526082;16.1441849;Chmelová 500, 56601 Vysoké Mýto
2939;VIDA servis s.r.o.;Vlkova 456/10, 13000.0, Praha;110;50.0829647;14.4450758;Vlkova 456/10, 13000 Praha
2944;DIKR s.r.o.;Záhumní 457/4, 62400.0, Brno;218;49.2206382;16.5531838;Záhumní 457/4, 62400 Brno
2946;SERVIS PLUS a.s.;Družstevní 348, 66443.0, Želešice;218;49.1172094;16.5712393;Družstevní 348, 664 43 Želešice, 66443 Brno
2947;TRUCK MAGIC s.r.o.;Svratecká 1247/4, 62400.0, Brno;218;49.2182679;16.5537097;Svratecká 1247/4, 62400 Brno
2948;JEREX, a.s.;Příkop 843/4, 60200.0, Brno;218;49.2002175;16.6140868;Příkop 843/4, 60200 Brno
2950;Top Trailer Servis s.r.o.;580, 66457.0, Měnín;218;49.0839918;16.6936303;580, 66457 Měnín
2955;Autodíly - Bělohlávek s.r.o.;Dukelská 198, 39901.0, Milevsko;110;49.4492197;14.3726742;Dukelská 198, 399 01 Milevsko
2959;WeCars, s.r.o.;Evropská 516/10, 16000.0, Praha;105;50.1005492;14.3908083;Evropská 516/10, 16000 Praha
2961;Bohumil Krump;Mlýnská 942, 38301.0, Prachatice;110;49.0159951;14.0066488;Mlýnská 942, 38301 Prachatice
2972;Kamil Roth;Starokolínská 307, 19016.0, Praha 21;35;50.0739993;14.6579381;Starokolínská 307, 19016 Praha 21
3001;David Vondra;Za vodárnou 1700/28, 18200.0, Praha;35;50.1258098;14.4733916;Za vodárnou 1700/28, 18200 Praha
3013;Autoexpres CZ s.r.o.;Petra Bezruče 905/2, 66491.0, Ivančice;218;49.0963642;16.3737013;Petra Bezruče 905/2, 66491 Ivančice
3014;RONYTRANS, s.r.o.;Přívrat, 61600.0, Brno;218;49.218209;16.5741235;Přívrat, 61600 Brno
3015;SH TRANS, s.r.o.;289, 67922.0, Lipůvka;218;49.3476053;16.5585159;Lipůvka 343, 679 22 Lipůvka
3017;ZEMANOVA RENATA;9.května 415, 53372.0, Moravany;35;49.9978431;15.9524306;9.května 415, 53372 Moravany
3054;FIŠAR NÁBYTEK, s.r.o.;nám. Jana Žižky z Trocnova 104/27, 28601.0, Čáslav;35;49.9091895;15.3928066;nám. Jana Žižky z Trocnova 104/27, 28601 Čáslav
3056;Ondřej Mlčoch;Boženy Němcové 1137/21, 28601.0, Čáslav;103;49.860628;15.4644078;Hostovlice 18, 28562 HOSTOVLICE U ČÁSLAVĚ
3064;Ing. Josef Polák, DiS.;2, 28543.0, Paběnice;35;49.840172;15.3027063;2, 28543 Paběnice
3077;KACERKOVA JANA;Chlebovická 729/2, 19900.0, Praha 18;35;50.1384582;14.5138792;Chlebovická 729/2, 19900 Praha 18
3078;Aleš Nerad;90, 28601.0, Bílé Podolí;35;49.8887541;15.3852095;90, 28601 Bílé Podolí
3087;WITECH s.r.o.;Za Kostelem 703, 53374.0, Horní Jelení;35;50.0513026;16.0873963;Za Kostelem 703, 53374 Horní Jelení
3136;ČSAD AUTOBUSY České Budějovice a.s.;U nádraží 984, 38601.0, Strakonice;105;49.257378;13.9188146;U nádraží 984, 386 01 Strakonice
3165;ČSAD MHD Kladno a.s.;Železničářů 885, 27201.0, Kladno;23;50.1298742;14.1035477;Železničářů 885, 27201 Kladno
3183;BROTANEK JAKUB;Kluky 84, 28545.0, Kluky;35;49.9041537;15.3232895;Kluky 84, 28545 Kluky
3201;BOHAC PETR;9.Května, 53372.0, Moravany;35;50.0009646;15.9477361;9.Května, 53372 Moravany
3213;TuBa Transport s.r.o.;Věry Pánkové 829/2, 77900.0, Olomouc;218;49.5726417;17.2594175;Věry Pánkové 829/2, 77900 Olomouc
3214;Mercedes centrum Bobek, s.r.o.;74, 28401.0, Miskovice;35;49.9394844;15.2647023;76, 28401 Miskovice
3217;Pavel Berger;397, 54906.0, Bohuslavice;35;50.3124471;16.0873425;397, 54906 Bohuslavice
3220;Cemex Czech Republic s.r.o.;Plzeňská 3217/16, 15000.0, Praha;218;50.0721249;14.3999241;Plzeňská 3217/16, 15000 Praha
3230;Cemex Czech Republic s.r.o.;Teplárenská 608/11, 10800.0, Praha 10;218;50.0835753;14.5331457;Teplárenská 608/11, 108 00 Praha 10
3292;ŠAB DOHNAL;28601.0, CASLAV;110;49.9040946;15.3947317;V Toufarne 19, 28601 CASLAV
3293;ŠAB PUMRLE;28601.0, CASLAV;68;49.9040946;15.3947317;V Toufarne 19, 28601 CASLAV
3296;SOS SERVIS 24 CZ s.r.o.;Vlkova 532/8, 13000.0, Praha;218;50.0829046;14.4448065;Vlkova 532/8, 13000 Praha
3359;Zdeněk Jelínek;Větrná 1802/4, 79201.0, Bruntál;68;49.9974963;17.4658688;Větrná 1802/4, 79201 Bruntál
3361;DSPED s.r.o.;Dukelská 1315, 54301.0, Vrchlabí;218;50.6140365;15.6134272;Dukelská 1315, 54301 Vrchlabí
3377;autoDUKLA s.r.o.;kpt. Nálepky 2674, 53002.0, Pardubice;103;50.020191;15.7584103;kpt. Nálepky 2674, 53002 Pardubice
3387;RTW Trans s.r.o.;82, 51261.0, Přepeře;68;50.5851013;15.1116452;82, 51261 Přepeře
3402;AB SPED s.r.o.;Blato 95, 53002.0, Mikulovice;223;49.9899163;15.7657975;Blato 95, 53002 Mikulovice
3405;Radek Brokeš;Mlýnská 543, 56164.0, Jablonné nad Orlicí;218;50.0250898;16.5884246;Mlýnská 543, 56164 Jablonné nad Orlicí
3421;NOVAK Transport s.r.o.;75, 28901.0, Činěves;218;50.2457692;15.2194861;75, 28901 Činěves
3451;HrubyMOVING TRANSPORT, a.s.;U Stavoservisu 527/1, 10800.0, Praha;218;50.0773979;14.5366451;U Stavoservisu 527/1, 10800 Praha
3453;Plachetka a spol., spol. s r.o.;Školní 248, 68352.0, Křenovice;218;49.1385654;16.8277202;Školní 248, 68352 Křenovice
3454;Plachetka a spol., spol. s r.o.;Dvůr Rybník 380, 68401.0, Slavkov u Brna;218;49.1463085;16.8615073;Dvůr Rybník 380, 68401 Slavkov u Brna
3462;Pištora s.r.o.;Komárov 76, 53002.0, Dolní Roveň;223;50.0402563;15.9482037;Komárov 76, 53002 Dolní Roveň
3478;Martin Poslušný;32, 57001.0, Cerekvice nad Loučnou;223;49.8989642;16.2165446;Cerekvice nad Loučnou 121, 56953 Cerekvice nad Loučnou
3479;Tomáš Moravec;Ležáků 665, 56601.0, Vysoké Mýto;223;49.9449453;16.1505696;Ležáků 665, 56601 Vysoké Mýto
3487;Josef Danilevič;Lázeňská 248, 69123.0, Pohořelice;218;48.9811558;16.5293847;Lázeňská 248, 69123 Pohořelice
3498;LukaSped s.r.o.;Kollárova 3044/4, 61200.0, Brno;218;49.2263058;16.5943938;Kollárova 3044/4, 61200 Brno
3504;Auto MERCIA a.s.;Dašická 1228, 53701.0, Chrudim;223;49.9485399;15.7875251;Škroupova 53, 53701 CHRUDIM 1
3505;ŠAB KROLOP;28601.0, CASLAV;223;49.9040946;15.3947317;V Toufarne 19, 28601 CASLAV
3514;Svoboda Radek - PLÁN TÝDNE;9.Května, 53372.0, Moravany;35;50.0009646;15.9477361;9.Května, 53372 Moravany
3515;Pumrle Pavel - PLÁN TÝDNE;9.Května, 53372.0, Moravany;68;50.0009646;15.9477361;9.Května, 53372 Moravany
3516;Dohnal Milan - PLÁN TÝDNE;9.Května, 53372.0, Moravany;110;50.0009646;15.9477361;9.Května, 53372 Moravany
3517;Vaněk Martin - PLÁN TÝDNE;9.Května, 53372.0, Moravany;23;50.0009646;15.9477361;9.Května, 53372 Moravany
3518;Svášek Roman - PLÁN TÝDNE;9.Května, 53372.0, Moravany;221;50.0009646;15.9477361;9.Května, 53372 Moravany
3519;Havel Jaroslav - PLÁN TÝDNE;9.Května, 53372.0, Moravany;219;50.0009646;15.9477361;9.Května, 53372 Moravany
3520;Kotek Jan - PLÁN TÝDNE;9.Května, 53372.0, Moravany;218;50.0009646;15.9477361;9.Května, 53372 Moravany
3522;Tišocký Luboš - PLÁN TÝDNE;9.Května, 53372.0, Moravany;105;50.0009646;15.9477361;9.Května, 53372 Moravany
3523;Krolop Aleš - PLÁN TÝDNE;9.Května, 53372.0, Moravany;223;50.0009646;15.9477361;9.Května, 53372 Moravany
3525;ŠAB SVÁŠEK;28601.0, CASLAV;221;49.9040946;15.3947317;V Toufarne 19, 28601 CASLAV
3532;Matěj Pokorný;Křížkovského 865/4, 78901.0, Zábřeh;68;49.88626;16.8892663;Postřelmovská 2271, 78901 Zábřeh
3534;Josef Barfus;Velká Strana 37, 78972.0, Dubicko;68;49.8278889;16.964844;Benedova 55, 78972 Dubicko
